OpportunityId,PlantId
OPP00001,PLT00300
OPP00014,PLT00124
OPP00014,PLT00122
OPP00024,PLT00169
OPP00024,PLT00170
OPP00025,PLT00471
OPP00025,PLT00473
OPP00028,PLT00169
OPP00028,PLT00170
OPP00041,PLT00106
OPP00050,PLT00269
OPP00051,PLT00094
OPP00052,PLT00300
OPP00054,PLT00121
OPP00055,PLT00381
OPP00057,PLT00004
OPP00070,PLT00396
OPP00079,PLT00268
OPP00092,PLT00105
OPP00093,PLT00321
OPP00094,PLT00006
OPP00094,PLT00005
OPP00117,PLT00271
OPP00119,PLT00148
OPP00119,PLT00151
OPP00120,PLT00108
OPP00123,PLT00094
OPP00129,PLT00350
OPP00134,PLT00288
OPP00134,PLT00285
OPP00135,PLT00371
OPP00136,PLT00205
OPP00139,PLT00427
OPP00142,PLT00371
OPP00144,PLT00241
OPP00146,PLT00423
OPP00149,PLT00168
OPP00149,PLT00167
OPP00150,PLT00252
OPP00151,PLT00268
OPP00152,PLT00442
OPP00155,PLT00034
OPP00155,PLT00035
OPP00157,PLT00470
OPP00164,PLT00107
OPP00165,PLT00166
OPP00167,PLT00185
OPP00169,PLT00205
OPP00170,PLT00246
OPP00170,PLT00244
OPP00174,PLT00222
OPP00174,PLT00223
OPP00176,PLT00178
OPP00179,PLT00306
OPP00180,PLT00441
OPP00180,PLT00443
OPP00182,PLT00092
OPP00184,PLT00350
OPP00185,PLT00095
OPP00187,PLT00447
OPP00190,PLT00358
OPP00192,PLT00006
OPP00192,PLT00003
OPP00197,PLT00300
OPP00197,PLT00299
OPP00199,PLT00414
OPP00200,PLT00330
OPP00201,PLT00450
OPP00202,PLT00336
OPP00203,PLT00205
OPP00209,PLT00470
OPP00209,PLT00469
OPP00211,PLT00021
OPP00211,PLT00020
OPP00213,PLT00273
OPP00213,PLT00271
OPP00216,PLT00254
OPP00216,PLT00253
OPP00218,PLT00104
OPP00222,PLT00299
OPP00223,PLT00424
OPP00224,PLT00205
OPP00225,PLT00394
OPP00229,PLT00205
OPP00236,PLT00380
OPP00239,PLT00381
OPP00239,PLT00380
OPP00241,PLT00235
OPP00244,PLT00411
OPP00245,PLT00350
OPP00246,PLT00205
OPP00249,PLT00205
OPP00250,PLT00357
OPP00250,PLT00356
OPP00253,PLT00254
OPP00261,PLT00173
OPP00261,PLT00174
OPP00263,PLT00240
OPP00265,PLT00396
OPP00266,PLT00396
OPP00268,PLT00228
OPP00268,PLT00231
OPP00270,PLT00304
OPP00273,PLT00107
OPP00275,PLT00269
OPP00275,PLT00270
OPP00277,PLT00270
OPP00283,PLT00252
OPP00283,PLT00253
OPP00290,PLT00224
OPP00293,PLT00311
OPP00297,PLT00123
OPP00302,PLT00123
OPP00302,PLT00121
OPP00306,PLT00312
OPP00307,PLT00305
OPP00307,PLT00304
OPP00309,PLT00299
OPP00310,PLT00068
OPP00310,PLT00069
OPP00312,PLT00010
OPP00314,PLT00205
OPP00324,PLT00308
OPP00324,PLT00307
OPP00325,PLT00424
OPP00325,PLT00425
OPP00329,PLT00163
OPP00329,PLT00161
OPP00332,PLT00349
OPP00332,PLT00348
OPP00333,PLT00170
OPP00342,PLT00271
OPP00342,PLT00270
OPP00349,PLT00435
OPP00349,PLT00438
OPP00351,PLT00307
OPP00351,PLT00308
OPP00355,PLT00205
OPP00363,PLT00327
OPP00363,PLT00324
OPP00365,PLT00107
OPP00369,PLT00302
OPP00369,PLT00303
OPP00373,PLT00429
OPP00373,PLT00428
OPP00374,PLT00188
OPP00374,PLT00187
OPP00375,PLT00354
OPP00375,PLT00355
OPP00389,PLT00273
OPP00390,PLT00002
OPP00391,PLT00272
OPP00391,PLT00269
OPP00397,PLT00253
OPP00397,PLT00252
OPP00398,PLT00248
OPP00398,PLT00247
OPP00412,PLT00033
OPP00412,PLT00037
OPP00414,PLT00305
OPP00414,PLT00304
OPP00421,PLT00306
OPP00435,PLT00350
OPP00440,PLT00108
OPP00440,PLT00110
OPP00456,PLT00440
OPP00456,PLT00443
OPP00458,PLT00321
OPP00459,PLT00326
OPP00462,PLT00032
OPP00462,PLT00030
OPP00463,PLT00254
OPP00463,PLT00253
OPP00467,PLT00413
OPP00467,PLT00414
OPP00468,PLT00299
OPP00469,PLT00350
OPP00470,PLT00254
OPP00474,PLT00123
OPP00474,PLT00122
OPP00475,PLT00168
OPP00475,PLT00167
OPP00478,PLT00254
OPP00478,PLT00253
OPP00480,PLT00004
OPP00480,PLT00003
OPP00485,PLT00168
OPP00485,PLT00167
OPP00486,PLT00243
OPP00487,PLT00440
OPP00487,PLT00442
OPP00495,PLT00299
OPP00495,PLT00300
OPP00496,PLT00381
OPP00498,PLT00002
OPP00506,PLT00271
OPP00507,PLT00299
OPP00510,PLT00360
OPP00510,PLT00359
OPP00520,PLT00271
OPP00520,PLT00269
OPP00522,PLT00020
OPP00524,PLT00300
OPP00524,PLT00299
OPP00526,PLT00431
OPP00532,PLT00473
OPP00535,PLT00005
OPP00535,PLT00006
OPP00536,PLT00307
OPP00546,PLT00396
OPP00547,PLT00321
OPP00548,PLT00189
OPP00548,PLT00187
OPP00553,PLT00452
OPP00557,PLT00271
OPP00558,PLT00128
OPP00558,PLT00129
OPP00562,PLT00385
OPP00564,PLT00239
OPP00564,PLT00241
OPP00569,PLT00291
OPP00569,PLT00290
OPP00570,PLT00041
OPP00570,PLT00038
OPP00573,PLT00272
OPP00574,PLT00470
OPP00575,PLT00269
OPP00579,PLT00452
OPP00583,PLT00148
OPP00583,PLT00150
OPP00587,PLT00169
OPP00587,PLT00170
OPP00594,PLT00389
OPP00598,PLT00132
OPP00610,PLT00424
OPP00612,PLT00381
OPP00613,PLT00183
OPP00613,PLT00184
OPP00615,PLT00129
OPP00622,PLT00132
OPP00623,PLT00209
OPP00628,PLT00357
OPP00628,PLT00356
OPP00631,PLT00272
OPP00644,PLT00321
OPP00645,PLT00246
OPP00651,PLT00252
OPP00652,PLT00016
OPP00652,PLT00015
OPP00655,PLT00272
OPP00655,PLT00269
OPP00656,PLT00272
OPP00656,PLT00270
OPP00658,PLT00481
OPP00662,PLT00300
OPP00662,PLT00299
OPP00664,PLT00304
OPP00666,PLT00130
OPP00666,PLT00131
OPP00667,PLT00148
OPP00669,PLT00258
OPP00669,PLT00259
OPP00674,PLT00205
OPP00677,PLT00244
OPP00678,PLT00205
OPP00681,PLT00084
OPP00681,PLT00081
OPP00682,PLT00006
OPP00685,PLT00308
OPP00685,PLT00306
OPP00686,PLT00349
OPP00686,PLT00348
OPP00692,PLT00383
OPP00692,PLT00382
OPP00694,PLT00306
OPP00700,PLT00253
OPP00704,PLT00424
OPP00704,PLT00425
OPP00705,PLT00441
OPP00705,PLT00442
OPP00706,PLT00272
OPP00706,PLT00273
OPP00707,PLT00205
OPP00721,PLT00321
OPP00722,PLT00169
OPP00722,PLT00170
OPP00724,PLT00347
OPP00725,PLT00300
OPP00726,PLT00235
OPP00728,PLT00308
OPP00730,PLT00443
OPP00730,PLT00440
OPP00731,PLT00321
OPP00739,PLT00396
OPP00740,PLT00221
OPP00741,PLT00308
OPP00741,PLT00306
OPP00744,PLT00307
OPP00744,PLT00308
OPP00746,PLT00090
OPP00748,PLT00300
OPP00750,PLT00205
OPP00751,PLT00277
OPP00758,PLT00401
OPP00758,PLT00400
OPP00759,PLT00015
OPP00759,PLT00014
OPP00762,PLT00385
OPP00762,PLT00384
OPP00768,PLT00306
OPP00776,PLT00492
OPP00777,PLT00300
OPP00779,PLT00226
OPP00790,PLT00205
OPP00795,PLT00350
OPP00797,PLT00350
OPP00798,PLT00299
OPP00810,PLT00097
OPP00812,PLT00129
OPP00813,PLT00205
OPP00816,PLT00306
OPP00816,PLT00308
OPP00819,PLT00308
OPP00819,PLT00306
OPP00824,PLT00337
OPP00829,PLT00130
OPP00830,PLT00248
OPP00830,PLT00247
OPP00833,PLT00348
OPP00834,PLT00121
OPP00836,PLT00307
OPP00836,PLT00308
OPP00838,PLT00269
OPP00838,PLT00273
OPP00841,PLT00248
OPP00846,PLT00124
OPP00855,PLT00384
OPP00860,PLT00188
OPP00861,PLT00308
OPP00863,PLT00167
OPP00866,PLT00205
OPP00870,PLT00371
OPP00871,PLT00273
OPP00872,PLT00327
OPP00873,PLT00114
OPP00873,PLT00115
OPP00874,PLT00321
OPP00879,PLT00272
OPP00879,PLT00269
OPP00882,PLT00006
OPP00882,PLT00004
OPP00886,PLT00299
OPP00886,PLT00300
OPP00887,PLT00300
OPP00887,PLT00299
OPP00890,PLT00350
OPP00901,PLT00253
OPP00907,PLT00267
OPP00915,PLT00396
OPP00916,PLT00380
OPP00918,PLT00004
OPP00918,PLT00005
OPP00920,PLT00045
OPP00920,PLT00046
OPP00922,PLT00004
OPP00923,PLT00306
OPP00928,PLT00382
OPP00931,PLT00306
OPP00931,PLT00308
OPP00933,PLT00270
OPP00935,PLT00355
OPP00941,PLT00308
OPP00941,PLT00306
OPP00945,PLT00221
OPP00945,PLT00222
OPP00946,PLT00273
OPP00946,PLT00269
OPP00953,PLT00016
OPP00960,PLT00167
OPP00962,PLT00205
OPP00963,PLT00321
OPP00966,PLT00121
OPP00969,PLT00307
OPP00969,PLT00308
OPP00970,PLT00167
OPP00970,PLT00168
OPP00974,PLT00269
OPP00974,PLT00270
OPP00985,PLT00321
OPP00986,PLT00205
OPP00990,PLT00300
OPP00991,PLT00272
OPP00991,PLT00273
OPP00996,PLT00442
OPP00997,PLT00305
OPP00998,PLT00305
OPP00998,PLT00304
OPP01003,PLT00270
OPP01004,PLT00223
OPP01005,PLT00371
OPP01006,PLT00051
OPP01009,PLT00384
OPP01011,PLT00205
OPP01012,PLT00349
OPP01015,PLT00252
OPP01018,PLT00169
OPP01021,PLT00249
OPP01027,PLT00175
OPP01027,PLT00176
OPP01030,PLT00273
OPP01030,PLT00272
OPP01034,PLT00057
OPP01034,PLT00060
OPP01035,PLT00380
OPP01038,PLT00241
OPP01038,PLT00239
OPP01048,PLT00002
OPP01053,PLT00261
OPP01054,PLT00270
OPP01055,PLT00272
OPP01057,PLT00159
OPP01057,PLT00163
OPP01058,PLT00252
OPP01058,PLT00254
OPP01065,PLT00090
OPP01067,PLT00170
OPP01069,PLT00292
OPP01069,PLT00293
OPP01073,PLT00107
OPP01078,PLT00205
OPP01079,PLT00130
OPP01081,PLT00205
OPP01084,PLT00166
OPP01089,PLT00328
OPP01090,PLT00012
OPP01091,PLT00130
OPP01092,PLT00409
OPP01092,PLT00410
OPP01093,PLT00321
OPP01096,PLT00191
OPP01097,PLT00022
OPP01100,PLT00492
OPP01101,PLT00493
OPP01104,PLT00229
OPP01107,PLT00247
OPP01107,PLT00248
OPP01111,PLT00083
OPP01112,PLT00269
OPP01115,PLT00242
OPP01115,PLT00245
OPP01118,PLT00480
OPP01118,PLT00481
OPP01120,PLT00132
OPP01124,PLT00270
OPP01124,PLT00271
OPP01127,PLT00171
OPP01128,PLT00271
OPP01130,PLT00141
OPP01130,PLT00138
OPP01131,PLT00270
OPP01131,PLT00271
OPP01132,PLT00247
OPP01135,PLT00198
OPP01135,PLT00199
OPP01139,PLT00248
OPP01139,PLT00247
OPP01142,PLT00024
OPP01142,PLT00023
OPP01146,PLT00441
OPP01151,PLT00396
OPP01154,PLT00308
OPP01154,PLT00307
OPP01155,PLT00248
OPP01156,PLT00029
OPP01156,PLT00031
OPP01157,PLT00129
OPP01164,PLT00042
OPP01164,PLT00046
OPP01165,PLT00205
OPP01168,PLT00299
OPP01170,PLT00299
OPP01170,PLT00300
OPP01171,PLT00018
OPP01174,PLT00269
OPP01175,PLT00321
OPP01176,PLT00350
OPP01177,PLT00308
OPP01180,PLT00124
OPP01183,PLT00306
OPP01185,PLT00440
OPP01187,PLT00350
OPP01197,PLT00130
OPP01198,PLT00005
OPP01199,PLT00187
OPP01199,PLT00189
OPP01200,PLT00299
OPP01201,PLT00308
OPP01202,PLT00300
OPP01204,PLT00396
OPP01208,PLT00175
OPP01208,PLT00176
OPP01213,PLT00170
OPP01213,PLT00169
OPP01214,PLT00325
OPP01214,PLT00323
OPP01216,PLT00355
OPP01219,PLT00205
OPP01220,PLT00321
OPP01221,PLT00273
OPP01222,PLT00385
OPP01222,PLT00384
OPP01225,PLT00327
OPP01225,PLT00326
OPP01226,PLT00248
OPP01231,PLT00399
OPP01231,PLT00401
OPP01235,PLT00097
OPP01235,PLT00098
OPP01238,PLT00290
OPP01242,PLT00396
OPP01243,PLT00005
OPP01243,PLT00006
OPP01244,PLT00072
OPP01244,PLT00070
OPP01249,PLT00190
OPP01250,PLT00253
OPP01253,PLT00381
OPP01256,PLT00035
OPP01264,PLT00283
OPP01264,PLT00281
OPP01267,PLT00491
OPP01267,PLT00493
OPP01270,PLT00248
OPP01270,PLT00247
OPP01272,PLT00006
OPP01273,PLT00151
OPP01275,PLT00021
OPP01276,PLT00235
OPP01278,PLT00127
OPP01281,PLT00325
OPP01284,PLT00170
OPP01286,PLT00328
OPP01287,PLT00224
OPP01291,PLT00470
OPP01293,PLT00205
OPP01295,PLT00105
OPP01297,PLT00164
OPP01297,PLT00165
OPP01298,PLT00248
OPP01300,PLT00494
OPP01302,PLT00166
OPP01304,PLT00166
OPP01309,PLT00171
OPP01313,PLT00205
OPP01314,PLT00004
OPP01314,PLT00006
OPP01315,PLT00300
OPP01316,PLT00358
OPP01320,PLT00124
OPP01324,PLT00205
OPP01326,PLT00132
OPP01327,PLT00008
OPP01330,PLT00241
OPP01334,PLT00253
OPP01341,PLT00190
OPP01341,PLT00189
OPP01344,PLT00349
OPP01345,PLT00205
OPP01347,PLT00270
OPP01349,PLT00212
OPP01349,PLT00213
OPP01350,PLT00382
OPP01350,PLT00383
OPP01354,PLT00022
OPP01354,PLT00024
OPP01360,PLT00247
OPP01360,PLT00248
OPP01361,PLT00415
OPP01362,PLT00121
OPP01363,PLT00018
OPP01363,PLT00017
OPP01364,PLT00222
OPP01365,PLT00270
OPP01367,PLT00269
OPP01367,PLT00272
OPP01368,PLT00170
OPP01371,PLT00011
OPP01373,PLT00179
OPP01374,PLT00308
OPP01375,PLT00177
OPP01381,PLT00121
OPP01381,PLT00123
OPP01382,PLT00165
OPP01382,PLT00164
OPP01385,PLT00129
OPP01385,PLT00128
OPP01388,PLT00315
OPP01388,PLT00313
OPP01393,PLT00186
OPP01394,PLT00321
OPP01401,PLT00266
OPP01405,PLT00205
OPP01406,PLT00308
OPP01406,PLT00307
OPP01411,PLT00005
OPP01412,PLT00205
OPP01414,PLT00337
OPP01421,PLT00252
OPP01421,PLT00254
OPP01422,PLT00317
OPP01423,PLT00445
OPP01428,PLT00059
OPP01429,PLT00300
OPP01429,PLT00299
OPP01430,PLT00176
OPP01430,PLT00175
OPP01434,PLT00227
OPP01434,PLT00226
OPP01435,PLT00359
OPP01436,PLT00023
OPP01441,PLT00033
OPP01442,PLT00131
OPP01445,PLT00235
OPP01450,PLT00324
OPP01450,PLT00325
OPP01452,PLT00169
OPP01453,PLT00272
OPP01455,PLT00205
OPP01456,PLT00189
OPP01456,PLT00187
OPP01458,PLT00169
OPP01459,PLT00003
OPP01460,PLT00469
OPP01462,PLT00205
OPP01467,PLT00006
OPP01467,PLT00005
OPP01470,PLT00442
OPP01470,PLT00440
OPP01475,PLT00269
OPP01475,PLT00273
OPP01478,PLT00270
OPP01479,PLT00093
OPP01482,PLT00040
OPP01484,PLT00364
OPP01484,PLT00361
OPP01485,PLT00131
OPP01485,PLT00129
OPP01486,PLT00481
OPP01488,PLT00253
OPP01488,PLT00252
OPP01492,PLT00321
OPP01495,PLT00273
OPP01495,PLT00271
OPP01499,PLT00396
OPP01501,PLT00371
OPP01504,PLT00209
OPP01504,PLT00207
OPP01505,PLT00272
OPP01505,PLT00269
OPP01509,PLT00289
OPP01510,PLT00460
OPP01514,PLT00169
OPP01514,PLT00170
OPP01521,PLT00239
OPP01522,PLT00327
OPP01523,PLT00306
OPP01524,PLT00222
OPP01524,PLT00223
OPP01528,PLT00430
OPP01528,PLT00428
OPP01542,PLT00305
OPP01543,PLT00483
OPP01543,PLT00484
OPP01549,PLT00396
OPP01551,PLT00269
OPP01553,PLT00166
OPP01554,PLT00385
OPP01554,PLT00384
OPP01556,PLT00346
OPP01556,PLT00345
OPP01559,PLT00205
OPP01561,PLT00308
OPP01562,PLT00215
OPP01564,PLT00107
OPP01565,PLT00123
OPP01565,PLT00121
OPP01569,PLT00350
OPP01570,PLT00299
OPP01573,PLT00128
OPP01575,PLT00156
OPP01575,PLT00155
OPP01577,PLT00248
OPP01583,PLT00427
OPP01587,PLT00350
OPP01589,PLT00248
OPP01590,PLT00323
OPP01590,PLT00326
OPP01593,PLT00204
OPP01595,PLT00247
OPP01596,PLT00337
OPP01597,PLT00348
OPP01597,PLT00349
OPP01602,PLT00153
OPP01602,PLT00155
OPP01603,PLT00109
OPP01603,PLT00110
OPP01604,PLT00107
OPP01605,PLT00252
OPP01611,PLT00205
OPP01614,PLT00223
OPP01614,PLT00221
OPP01617,PLT00322
OPP01621,PLT00321
OPP01628,PLT00168
OPP01632,PLT00485
OPP01634,PLT00443
OPP01634,PLT00441
OPP01636,PLT00057
OPP01636,PLT00059
OPP01640,PLT00273
OPP01643,PLT00305
OPP01643,PLT00304
OPP01647,PLT00413
OPP01647,PLT00414
OPP01649,PLT00205
OPP01651,PLT00321
OPP01653,PLT00205
OPP01656,PLT00100
OPP01658,PLT00307
OPP01658,PLT00306
OPP01662,PLT00349
OPP01663,PLT00305
OPP01664,PLT00300
OPP01664,PLT00299
OPP01665,PLT00306
OPP01665,PLT00307
OPP01666,PLT00246
OPP01670,PLT00252
OPP01673,PLT00169
OPP01673,PLT00170
OPP01684,PLT00138
OPP01684,PLT00139
OPP01687,PLT00270
OPP01687,PLT00271
OPP01693,PLT00175
OPP01696,PLT00247
OPP01696,PLT00248
OPP01701,PLT00270
OPP01701,PLT00273
OPP01706,PLT00443
OPP01708,PLT00407
OPP01709,PLT00350
OPP01716,PLT00132
OPP01717,PLT00024
OPP01720,PLT00190
OPP01726,PLT00107
OPP01728,PLT00270
OPP01731,PLT00396
OPP01733,PLT00253
OPP01733,PLT00254
OPP01736,PLT00123
OPP01736,PLT00124
OPP01737,PLT00301
OPP01737,PLT00303
OPP01739,PLT00396
OPP01742,PLT00205
OPP01743,PLT00323
OPP01745,PLT00350
OPP01746,PLT00267
OPP01747,PLT00272
OPP01750,PLT00396
OPP01751,PLT00380
OPP01751,PLT00381
OPP01753,PLT00222
OPP01754,PLT00247
OPP01755,PLT00490
OPP01755,PLT00493
OPP01756,PLT00254
OPP01756,PLT00253
OPP01762,PLT00299
OPP01765,PLT00203
OPP01766,PLT00385
OPP01775,PLT00247
OPP01775,PLT00248
OPP01779,PLT00003
OPP01784,PLT00447
OPP01785,PLT00299
OPP01787,PLT00169
OPP01798,PLT00093
OPP01798,PLT00094
