PlantId,PlantName,AccountId,CountryCode,AssetClass,PlantMWp,CommercialOperationDate
PLT00001,Crestline Solar PV Site 1,ACC0001,BR,Solar PV,12.4,2025-07-03
PLT00002,Crestline Hybrid Site 2,ACC0001,BR,Hybrid,29.6,2026-04-25
PLT00003,Kestrel Solar PV Site 1,ACC0002,GB,Solar PV,56.0,2017-05-22
PLT00004,Kestrel Solar PV Site 2,ACC0002,GB,Solar PV,87.8,2019-12-10
PLT00005,Kestrel Solar PV Site 3,ACC0002,GB,Solar PV,302.7,2017-09-20
PLT00006,Kestrel Wind Site 4,ACC0002,GB,Wind,39.4,2022-05-20
PLT00007,Zephyr Solar PV Site 1,ACC0003,IN,Solar PV,122.5,2021-03-27
PLT00008,Zephyr Wind Site 2,ACC0003,IN,Wind,31.8,2021-07-13
PLT00009,Zephyr Solar PV Site 3,ACC0003,IN,Solar PV,149.2,2018-11-17
PLT00010,Zephyr Wind Site 4,ACC0003,IN,Wind,32.0,2024-05-30
PLT00011,Ember Solar PV Site 1,ACC0004,ES,Solar PV,96.4,2025-11-20
PLT00012,Ember Solar PV Site 2,ACC0004,ES,Solar PV,24.1,2026-02-02
PLT00013,Ember Solar PV Site 3,ACC0004,ES,Solar PV,20.8,2026-04-27
PLT00014,Kestrel Solar PV Site 1,ACC0005,US,Solar PV,109.6,2017-08-06
PLT00015,Kestrel Solar PV Site 2,ACC0005,US,Solar PV,43.0,2017-08-18
PLT00016,Kestrel Solar PV Site 3,ACC0005,US,Solar PV,20.6,2021-05-03
PLT00017,Aurora Solar PV Site 1,ACC0006,US,Solar PV,37.7,2019-04-20
PLT00018,Aurora Solar PV Site 2,ACC0006,US,Solar PV,78.9,2021-01-12
PLT00019,Helios Solar PV Site 1,ACC0007,CA,Solar PV,38.0,2025-03-09
PLT00020,Helios Solar PV Site 2,ACC0007,CA,Solar PV,12.9,2020-12-21
PLT00021,Helios Wind Site 3,ACC0007,CA,Wind,19.9,2021-03-03
PLT00022,Atlas Solar PV Site 1,ACC0008,US,Solar PV,7.3,2019-07-31
PLT00023,Atlas Solar PV Site 2,ACC0008,US,Solar PV,21.5,2020-04-04
PLT00024,Atlas Solar PV Site 3,ACC0008,US,Solar PV,83.1,2019-04-13
PLT00025,Vireo Solar PV Site 1,ACC0009,DE,Solar PV,64.4,2017-08-10
PLT00026,Vireo Solar PV Site 2,ACC0009,DE,Solar PV,69.8,2020-02-15
PLT00027,Vireo Hybrid Site 3,ACC0009,DE,Hybrid,51.1,2018-06-10
PLT00028,Solara Solar PV Site 1,ACC0010,US,Solar PV,12.3,2018-11-28
PLT00029,Solara Wind Site 2,ACC0010,US,Wind,100.3,2017-12-25
PLT00030,Solara Solar PV Site 3,ACC0010,US,Solar PV,10.2,2022-06-15
PLT00031,Solara Solar PV Site 4,ACC0010,US,Solar PV,94.8,2022-02-13
PLT00032,Solara Solar PV Site 5,ACC0010,US,Solar PV,33.4,2022-12-02
PLT00033,Borealis Solar PV Site 1,ACC0011,ES,Solar PV,35.4,2025-02-12
PLT00034,Borealis Solar PV Site 2,ACC0011,ES,Solar PV,231.8,2025-08-15
PLT00035,Borealis Solar PV Site 3,ACC0011,ES,Solar PV,21.5,2026-04-27
PLT00036,Borealis Solar PV Site 4,ACC0011,ES,Solar PV,75.1,2018-03-17
PLT00037,Borealis Solar PV Site 5,ACC0011,ES,Solar PV,74.8,2022-09-30
PLT00038,Aurora Solar PV Site 1,ACC0012,DE,Solar PV,59.1,2020-02-10
PLT00039,Aurora Solar PV Site 2,ACC0012,DE,Solar PV,48.1,2023-09-10
PLT00040,Aurora Wind Site 3,ACC0012,DE,Wind,172.8,2018-09-11
PLT00041,Aurora Wind Site 4,ACC0012,DE,Wind,133.5,2018-04-24
PLT00042,Cobalt Solar PV Site 1,ACC0013,GR,Solar PV,45.4,2024-05-19
PLT00043,Cobalt Wind Site 2,ACC0013,GR,Wind,61.8,2018-06-29
PLT00044,Cobalt Solar PV Site 3,ACC0013,GR,Solar PV,15.9,2019-08-15
PLT00045,Cobalt Solar PV Site 4,ACC0013,GR,Solar PV,189.6,2017-03-11
PLT00046,Cobalt Solar PV Site 5,ACC0013,GR,Solar PV,45.4,2022-06-27
PLT00047,Halcyon Battery Storage Site 1,ACC0014,US,Battery Storage,38.3,2018-09-11
PLT00048,Halcyon Solar PV Site 2,ACC0014,US,Solar PV,24.8,2022-12-11
PLT00049,Halcyon Solar PV Site 3,ACC0014,US,Solar PV,67.7,2020-05-08
PLT00050,Halcyon Battery Storage Site 4,ACC0014,US,Battery Storage,40.8,2023-05-02
PLT00051,Halcyon Solar PV Site 5,ACC0014,US,Solar PV,105.0,2025-01-16
PLT00052,Aurora Solar PV Site 1,ACC0015,FR,Solar PV,22.9,2018-11-17
PLT00053,Aurora Solar PV Site 2,ACC0015,FR,Solar PV,61.0,2022-04-23
PLT00054,Aurora Wind Site 3,ACC0015,FR,Wind,108.5,2019-08-25
PLT00055,Aurora Hybrid Site 4,ACC0015,FR,Hybrid,34.9,2024-03-19
PLT00056,Aurora Solar PV Site 5,ACC0015,FR,Solar PV,38.3,2017-06-25
PLT00057,Meridian Solar PV Site 1,ACC0016,DE,Solar PV,30.1,2025-11-25
PLT00058,Meridian Battery Storage Site 2,ACC0016,DE,Battery Storage,32.6,2018-01-11
PLT00059,Meridian Wind Site 3,ACC0016,DE,Wind,56.0,2020-07-02
PLT00060,Meridian Solar PV Site 4,ACC0016,DE,Solar PV,142.2,2026-02-08
PLT00061,Altamira Hybrid Site 1,ACC0017,GB,Hybrid,17.8,2025-02-24
PLT00062,Altamira Solar PV Site 2,ACC0017,GB,Solar PV,10.1,2023-02-26
PLT00063,Altamira Solar PV Site 3,ACC0017,GB,Solar PV,41.0,2025-05-01
PLT00064,Altamira Wind Site 4,ACC0017,GB,Wind,5.3,2022-02-15
PLT00065,Altamira Solar PV Site 5,ACC0017,GB,Solar PV,18.3,2024-06-11
PLT00066,Prairie Battery Storage Site 1,ACC0018,US,Battery Storage,22.0,2025-07-27
PLT00067,Prairie Solar PV Site 2,ACC0018,US,Solar PV,141.0,2021-03-02
PLT00068,Prairie Solar PV Site 3,ACC0018,US,Solar PV,206.6,2024-01-29
PLT00069,Prairie Solar PV Site 4,ACC0018,US,Solar PV,183.0,2025-10-28
PLT00070,Nordwind Solar PV Site 1,ACC0019,US,Solar PV,60.3,2020-05-24
PLT00071,Nordwind Solar PV Site 2,ACC0019,US,Solar PV,25.6,2022-10-27
PLT00072,Nordwind Wind Site 3,ACC0019,US,Wind,33.7,2021-11-06
PLT00073,Nordwind Solar PV Site 4,ACC0019,US,Solar PV,46.1,2021-07-04
PLT00074,Nordwind Solar PV Site 5,ACC0019,US,Solar PV,45.5,2020-03-31
PLT00075,Pinnacle Wind Site 1,ACC0020,AU,Wind,9.6,2017-05-17
PLT00076,Prairie Solar PV Site 1,ACC0021,CO,Solar PV,14.2,2021-07-22
PLT00077,Prairie Battery Storage Site 2,ACC0021,CO,Battery Storage,25.8,2024-03-02
PLT00078,Prairie Solar PV Site 3,ACC0021,CO,Solar PV,15.4,2021-08-12
PLT00079,Prairie Solar PV Site 4,ACC0021,CO,Solar PV,43.4,2022-01-05
PLT00080,Prairie Solar PV Site 5,ACC0021,CO,Solar PV,20.1,2017-12-28
PLT00081,Atlas Wind Site 1,ACC0022,BR,Wind,9.9,2025-05-19
PLT00082,Atlas Solar PV Site 2,ACC0022,BR,Solar PV,37.7,2018-03-09
PLT00083,Atlas Wind Site 3,ACC0022,BR,Wind,44.0,2024-05-07
PLT00084,Atlas Hybrid Site 4,ACC0022,BR,Hybrid,18.5,2025-07-19
PLT00085,Atlas Hybrid Site 5,ACC0022,BR,Hybrid,18.8,2020-12-21
PLT00086,Helios Solar PV Site 1,ACC0023,ES,Solar PV,31.9,2021-02-10
PLT00087,Halcyon Battery Storage Site 1,ACC0024,DE,Battery Storage,23.1,2020-11-25
PLT00088,Aurora Solar PV Site 1,ACC0025,AU,Solar PV,46.4,2021-05-20
PLT00089,Aurora Battery Storage Site 2,ACC0025,AU,Battery Storage,26.2,2018-08-25
PLT00090,Aurora Wind Site 3,ACC0025,AU,Wind,66.0,2025-01-17
PLT00091,Lumen Solar PV Site 1,ACC0026,BR,Solar PV,48.8,2017-06-08
PLT00092,Lumen Solar PV Site 2,ACC0026,BR,Solar PV,27.4,2024-05-06
PLT00093,Pinnacle Battery Storage Site 1,ACC0027,AU,Battery Storage,16.2,2018-04-12
PLT00094,Pinnacle Solar PV Site 2,ACC0027,AU,Solar PV,19.0,2022-11-27
PLT00095,Pinnacle Solar PV Site 3,ACC0027,AU,Solar PV,70.2,2018-10-29
PLT00096,Lumen Wind Site 1,ACC0028,US,Wind,113.6,2019-06-09
PLT00097,Crestline Solar PV Site 1,ACC0029,IT,Solar PV,68.7,2025-04-18
PLT00098,Crestline Solar PV Site 2,ACC0029,IT,Solar PV,10.0,2019-11-29
PLT00099,Crestline Hybrid Site 3,ACC0029,IT,Hybrid,49.5,2018-08-28
PLT00100,Kestrel Solar PV Site 1,ACC0030,PT,Solar PV,202.8,2024-05-23
PLT00101,Tidewater Solar PV Site 1,ACC0031,US,Solar PV,37.4,2022-02-01
PLT00102,Tidewater Solar PV Site 2,ACC0031,US,Solar PV,45.2,2018-11-08
PLT00103,Tidewater Solar PV Site 3,ACC0031,US,Solar PV,168.1,2026-01-07
PLT00104,Helios Solar PV Site 1,ACC0032,US,Solar PV,17.9,2018-09-05
PLT00105,Vireo Solar PV Site 1,ACC0033,ES,Solar PV,90.0,2019-07-06
PLT00106,Meridian Solar PV Site 1,ACC0034,AU,Solar PV,66.6,2025-09-09
PLT00107,Everglow Solar PV Site 1,ACC0035,GR,Solar PV,33.9,2021-06-26
PLT00108,Pinnacle Hybrid Site 1,ACC0036,AU,Hybrid,61.1,2018-11-24
PLT00109,Pinnacle Wind Site 2,ACC0036,AU,Wind,11.3,2024-12-19
PLT00110,Pinnacle Hybrid Site 3,ACC0036,AU,Hybrid,17.8,2018-07-30
PLT00111,Pinnacle Solar PV Site 4,ACC0036,AU,Solar PV,134.7,2017-09-08
PLT00112,Crestline Wind Site 1,ACC0037,FR,Wind,44.9,2023-02-01
PLT00113,Crestline Solar PV Site 2,ACC0037,FR,Solar PV,50.0,2024-07-17
PLT00114,Crestline Solar PV Site 3,ACC0037,FR,Solar PV,41.2,2024-03-04
PLT00115,Crestline Hybrid Site 4,ACC0037,FR,Hybrid,36.7,2017-03-05
PLT00116,Cobalt Solar PV Site 1,ACC0038,ES,Solar PV,46.3,2017-09-25
PLT00117,Cobalt Solar PV Site 2,ACC0038,ES,Solar PV,41.3,2021-10-11
PLT00118,Cobalt Hybrid Site 3,ACC0038,ES,Hybrid,20.2,2020-10-23
PLT00119,Cobalt Wind Site 4,ACC0038,ES,Wind,108.9,2019-12-22
PLT00120,Cobalt Solar PV Site 5,ACC0038,ES,Solar PV,64.2,2023-04-19
PLT00121,Solara Solar PV Site 1,ACC0039,GB,Solar PV,54.1,2025-12-31
PLT00122,Solara Wind Site 2,ACC0039,GB,Wind,60.7,2022-08-03
PLT00123,Solara Solar PV Site 3,ACC0039,GB,Solar PV,58.6,2017-07-12
PLT00124,Solara Wind Site 4,ACC0039,GB,Wind,73.0,2021-05-15
PLT00125,Solstice Wind Site 1,ACC0040,US,Wind,90.3,2020-07-08
PLT00126,Solstice Solar PV Site 2,ACC0040,US,Solar PV,128.8,2025-12-22
PLT00127,Solstice Solar PV Site 3,ACC0040,US,Solar PV,59.7,2018-07-19
PLT00128,Zephyr Solar PV Site 1,ACC0041,US,Solar PV,50.0,2020-03-25
PLT00129,Zephyr Wind Site 2,ACC0041,US,Wind,25.1,2021-01-21
PLT00130,Zephyr Solar PV Site 3,ACC0041,US,Solar PV,74.7,2019-07-25
PLT00131,Zephyr Solar PV Site 4,ACC0041,US,Solar PV,76.9,2018-04-29
PLT00132,Cobalt Wind Site 1,ACC0042,FR,Wind,60.9,2023-04-04
PLT00133,Nordwind Solar PV Site 1,ACC0043,FR,Solar PV,30.1,2020-03-12
PLT00134,Nordwind Battery Storage Site 2,ACC0043,FR,Battery Storage,19.5,2025-08-27
PLT00135,Nordwind Solar PV Site 3,ACC0043,FR,Solar PV,36.1,2023-05-16
PLT00136,Nordwind Solar PV Site 4,ACC0043,FR,Solar PV,73.9,2019-10-09
PLT00137,Nordwind Hybrid Site 5,ACC0043,FR,Hybrid,62.5,2023-06-09
PLT00138,Tidewater Wind Site 1,ACC0044,CA,Wind,33.6,2022-03-15
PLT00139,Tidewater Wind Site 2,ACC0044,CA,Wind,46.3,2020-01-08
PLT00140,Tidewater Solar PV Site 3,ACC0044,CA,Solar PV,116.4,2022-12-23
PLT00141,Tidewater Solar PV Site 4,ACC0044,CA,Solar PV,30.2,2022-03-23
PLT00142,Tidewater Solar PV Site 5,ACC0044,CA,Solar PV,44.9,2017-05-15
PLT00143,Tidewater Solar PV Site 1,ACC0045,IT,Solar PV,85.7,2022-11-01
PLT00144,Tidewater Battery Storage Site 2,ACC0045,IT,Battery Storage,21.0,2025-02-16
PLT00145,Tidewater Solar PV Site 3,ACC0045,IT,Solar PV,48.8,2022-03-23
PLT00146,Tidewater Solar PV Site 4,ACC0045,IT,Solar PV,22.6,2020-11-26
PLT00147,Tidewater Hybrid Site 5,ACC0045,IT,Hybrid,21.0,2025-08-26
PLT00148,Solara Wind Site 1,ACC0046,GR,Wind,38.2,2026-04-05
PLT00149,Solara Wind Site 2,ACC0046,GR,Wind,318.2,2022-12-26
PLT00150,Solara Solar PV Site 3,ACC0046,GR,Solar PV,50.7,2021-05-27
PLT00151,Solara Solar PV Site 4,ACC0046,GR,Solar PV,49.5,2021-06-15
PLT00152,Solara Solar PV Site 5,ACC0046,GR,Solar PV,144.0,2022-08-11
PLT00153,Nordwind Battery Storage Site 1,ACC0047,NL,Battery Storage,26.9,2024-10-01
PLT00154,Nordwind Solar PV Site 2,ACC0047,NL,Solar PV,19.1,2021-05-21
PLT00155,Nordwind Battery Storage Site 3,ACC0047,NL,Battery Storage,42.3,2024-07-30
PLT00156,Nordwind Wind Site 4,ACC0047,NL,Wind,18.4,2018-03-25
PLT00157,Pinnacle Hybrid Site 1,ACC0048,GR,Hybrid,21.7,2025-12-17
PLT00158,Pinnacle Solar PV Site 2,ACC0048,GR,Solar PV,425.8,2018-08-03
PLT00159,Prairie Hybrid Site 1,ACC0049,ES,Hybrid,54.7,2025-11-02
PLT00160,Prairie Solar PV Site 2,ACC0049,ES,Solar PV,63.6,2019-06-24
PLT00161,Prairie Battery Storage Site 3,ACC0049,ES,Battery Storage,32.5,2019-09-04
PLT00162,Prairie Solar PV Site 4,ACC0049,ES,Solar PV,13.1,2022-07-07
PLT00163,Prairie Solar PV Site 5,ACC0049,ES,Solar PV,27.9,2018-10-18
PLT00164,Kestrel Wind Site 1,ACC0050,CL,Wind,52.0,2021-10-25
PLT00165,Kestrel Hybrid Site 2,ACC0050,CL,Hybrid,120.0,2018-02-21
PLT00166,Everglow Wind Site 1,ACC0051,ES,Wind,98.1,2020-02-20
PLT00167,Kestrel Solar PV Site 1,ACC0052,PT,Solar PV,73.5,2019-02-09
PLT00168,Kestrel Wind Site 2,ACC0052,PT,Wind,18.7,2017-08-19
PLT00169,Solstice Battery Storage Site 1,ACC0053,NL,Battery Storage,23.8,2024-06-26
PLT00170,Solstice Solar PV Site 2,ACC0053,NL,Solar PV,88.1,2019-05-06
PLT00171,Lumen Battery Storage Site 1,ACC0054,ES,Battery Storage,17.9,2019-03-22
PLT00172,Lumen Solar PV Site 2,ACC0054,ES,Solar PV,47.9,2025-06-20
PLT00173,Lumen Solar PV Site 3,ACC0054,ES,Solar PV,33.7,2020-01-08
PLT00174,Lumen Solar PV Site 4,ACC0054,ES,Solar PV,64.5,2022-02-15
PLT00175,Ember Solar PV Site 1,ACC0055,MX,Solar PV,37.3,2017-02-27
PLT00176,Ember Solar PV Site 2,ACC0055,MX,Solar PV,36.3,2024-02-08
PLT00177,Meridian Solar PV Site 1,ACC0056,CA,Solar PV,37.0,2017-10-05
PLT00178,Meridian Battery Storage Site 2,ACC0056,CA,Battery Storage,36.5,2025-03-02
PLT00179,Meridian Battery Storage Site 3,ACC0056,CA,Battery Storage,135.9,2021-02-04
PLT00180,Meridian Wind Site 4,ACC0056,CA,Wind,47.3,2020-10-29
PLT00181,Meridian Wind Site 5,ACC0056,CA,Wind,41.9,2022-03-03
PLT00182,Pinnacle Solar PV Site 1,ACC0057,GB,Solar PV,7.0,2020-12-26
PLT00183,Pinnacle Solar PV Site 2,ACC0057,GB,Solar PV,45.5,2019-03-13
PLT00184,Pinnacle Solar PV Site 3,ACC0057,GB,Solar PV,65.7,2020-04-17
PLT00185,Pinnacle Solar PV Site 4,ACC0057,GB,Solar PV,102.6,2018-10-18
PLT00186,Solstice Hybrid Site 1,ACC0058,FR,Hybrid,56.0,2020-11-11
PLT00187,Orion Solar PV Site 1,ACC0059,US,Solar PV,49.2,2023-03-29
PLT00188,Orion Battery Storage Site 2,ACC0059,US,Battery Storage,146.2,2026-01-19
PLT00189,Orion Solar PV Site 3,ACC0059,US,Solar PV,17.4,2025-04-12
PLT00190,Orion Wind Site 4,ACC0059,US,Wind,36.7,2019-07-02
PLT00191,Orion Solar PV Site 5,ACC0059,US,Solar PV,22.6,2023-12-30
PLT00192,Nordwind Wind Site 1,ACC0060,US,Wind,32.4,2024-11-13
PLT00193,Nordwind Solar PV Site 2,ACC0060,US,Solar PV,17.9,2020-08-13
PLT00194,Ember Solar PV Site 1,ACC0061,GR,Solar PV,20.3,2019-07-25
PLT00195,Ember Battery Storage Site 2,ACC0061,GR,Battery Storage,24.5,2024-03-17
PLT00196,Ember Solar PV Site 3,ACC0061,GR,Solar PV,60.3,2018-05-21
PLT00197,Lumen Solar PV Site 1,ACC0062,US,Solar PV,89.2,2023-02-08
PLT00198,Lumen Solar PV Site 2,ACC0062,US,Solar PV,44.6,2023-06-15
PLT00199,Lumen Solar PV Site 3,ACC0062,US,Solar PV,34.9,2024-05-10
PLT00200,Helios Solar PV Site 1,ACC0063,FR,Solar PV,40.2,2018-01-15
PLT00201,Helios Solar PV Site 2,ACC0063,FR,Solar PV,36.6,2021-07-12
PLT00202,Helios Solar PV Site 3,ACC0063,FR,Solar PV,211.4,2021-07-26
PLT00203,Helios Solar PV Site 4,ACC0063,FR,Solar PV,21.4,2022-08-10
PLT00204,Sierra Solar PV Site 1,ACC0064,BR,Solar PV,15.6,2019-02-23
PLT00205,Crestline Solar PV Site 1,ACC0065,US,Solar PV,41.5,2021-02-02
PLT00206,Meridian Solar PV Site 1,ACC0066,AU,Solar PV,25.5,2025-02-28
PLT00207,Meridian Solar PV Site 2,ACC0066,AU,Solar PV,279.2,2020-05-04
PLT00208,Meridian Wind Site 3,ACC0066,AU,Wind,30.4,2019-08-15
PLT00209,Meridian Battery Storage Site 4,ACC0066,AU,Battery Storage,25.4,2023-09-01
PLT00210,Crestline Solar PV Site 1,ACC0067,US,Solar PV,10.6,2021-06-08
PLT00211,Cobalt Solar PV Site 1,ACC0068,BR,Solar PV,129.9,2026-02-11
PLT00212,Cobalt Battery Storage Site 2,ACC0068,BR,Battery Storage,62.5,2024-03-05
PLT00213,Cobalt Hybrid Site 3,ACC0068,BR,Hybrid,21.9,2019-02-09
PLT00214,Cobalt Solar PV Site 4,ACC0068,BR,Solar PV,28.4,2020-11-21
PLT00215,Azure Battery Storage Site 1,ACC0069,US,Battery Storage,29.0,2022-07-11
PLT00216,Everglow Solar PV Site 1,ACC0070,US,Solar PV,48.2,2026-04-07
PLT00217,Everglow Solar PV Site 2,ACC0070,US,Solar PV,23.9,2021-07-13
PLT00218,Everglow Solar PV Site 3,ACC0070,US,Solar PV,73.8,2018-05-07
PLT00219,Everglow Solar PV Site 4,ACC0070,US,Solar PV,125.0,2017-06-11
PLT00220,Everglow Solar PV Site 5,ACC0070,US,Solar PV,29.4,2022-08-22
PLT00221,Kestrel Wind Site 1,ACC0071,US,Wind,32.4,2021-03-04
PLT00222,Kestrel Hybrid Site 2,ACC0071,US,Hybrid,39.2,2024-05-08
PLT00223,Kestrel Solar PV Site 3,ACC0071,US,Solar PV,151.4,2020-03-21
PLT00224,Everglow Wind Site 1,ACC0072,US,Wind,25.2,2021-06-15
PLT00225,Everglow Solar PV Site 2,ACC0072,US,Solar PV,83.6,2017-10-23
PLT00226,Borealis Solar PV Site 1,ACC0073,US,Solar PV,30.6,2021-10-25
PLT00227,Borealis Solar PV Site 2,ACC0073,US,Solar PV,85.1,2023-11-20
PLT00228,Nordwind Wind Site 1,ACC0074,US,Wind,41.0,2022-05-24
PLT00229,Nordwind Battery Storage Site 2,ACC0074,US,Battery Storage,76.4,2018-11-04
PLT00230,Nordwind Wind Site 3,ACC0074,US,Wind,153.9,2022-09-19
PLT00231,Nordwind Hybrid Site 4,ACC0074,US,Hybrid,33.3,2018-02-14
PLT00232,Solara Solar PV Site 1,ACC0075,GR,Solar PV,45.8,2022-11-23
PLT00233,Solara Wind Site 2,ACC0075,GR,Wind,60.2,2017-07-07
PLT00234,Solara Solar PV Site 3,ACC0075,GR,Solar PV,116.9,2018-07-24
PLT00235,Solara Solar PV Site 4,ACC0075,GR,Solar PV,85.1,2025-02-01
PLT00236,Solara Solar PV Site 5,ACC0075,GR,Solar PV,55.0,2025-11-14
PLT00237,Halcyon Battery Storage Site 1,ACC0076,DE,Battery Storage,223.5,2025-01-28
PLT00238,Halcyon Solar PV Site 2,ACC0076,DE,Solar PV,31.7,2022-06-01
PLT00239,Sierra Solar PV Site 1,ACC0077,CO,Solar PV,55.3,2024-05-14
PLT00240,Sierra Hybrid Site 2,ACC0077,CO,Hybrid,12.8,2024-07-11
PLT00241,Sierra Solar PV Site 3,ACC0077,CO,Solar PV,20.8,2025-02-13
PLT00242,Borealis Solar PV Site 1,ACC0078,BR,Solar PV,5.9,2025-04-30
PLT00243,Borealis Battery Storage Site 2,ACC0078,BR,Battery Storage,82.2,2019-06-07
PLT00244,Borealis Hybrid Site 3,ACC0078,BR,Hybrid,20.3,2022-05-29
PLT00245,Borealis Solar PV Site 4,ACC0078,BR,Solar PV,4.9,2018-05-06
PLT00246,Borealis Solar PV Site 5,ACC0078,BR,Solar PV,85.7,2021-01-15
PLT00247,Meridian Solar PV Site 1,ACC0079,ES,Solar PV,70.7,2024-12-14
PLT00248,Meridian Battery Storage Site 2,ACC0079,ES,Battery Storage,38.3,2025-11-27
PLT00249,Helios Solar PV Site 1,ACC0080,ZA,Solar PV,116.6,2022-07-21
PLT00250,Helios Wind Site 2,ACC0080,ZA,Wind,44.2,2018-09-04
PLT00251,Helios Wind Site 3,ACC0080,ZA,Wind,54.0,2022-07-26
PLT00252,Zephyr Solar PV Site 1,ACC0081,NL,Solar PV,12.6,2021-04-26
PLT00253,Zephyr Solar PV Site 2,ACC0081,NL,Solar PV,10.0,2018-06-15
PLT00254,Zephyr Solar PV Site 3,ACC0081,NL,Solar PV,90.7,2019-01-02
PLT00255,Everglow Battery Storage Site 1,ACC0082,US,Battery Storage,199.2,2019-06-09
PLT00256,Everglow Wind Site 2,ACC0082,US,Wind,393.6,2017-11-27
PLT00257,Everglow Wind Site 3,ACC0082,US,Wind,23.8,2018-05-26
PLT00258,Kestrel Solar PV Site 1,ACC0083,US,Solar PV,29.5,2020-08-04
PLT00259,Kestrel Hybrid Site 2,ACC0083,US,Hybrid,58.4,2026-05-28
PLT00260,Kestrel Wind Site 3,ACC0083,US,Wind,93.6,2022-01-06
PLT00261,Cobalt Solar PV Site 1,ACC0084,CA,Solar PV,70.6,2024-03-31
PLT00262,Cobalt Solar PV Site 2,ACC0084,CA,Solar PV,80.2,2024-12-13
PLT00263,Cobalt Battery Storage Site 3,ACC0084,CA,Battery Storage,65.3,2023-11-17
PLT00264,Cobalt Hybrid Site 4,ACC0084,CA,Hybrid,32.4,2022-02-18
PLT00265,Cobalt Solar PV Site 5,ACC0084,CA,Solar PV,33.3,2026-05-13
PLT00266,Sierra Hybrid Site 1,ACC0085,MX,Hybrid,89.7,2024-07-09
PLT00267,Ember Solar PV Site 1,ACC0086,IT,Solar PV,18.3,2019-01-06
PLT00268,Vireo Battery Storage Site 1,ACC0087,ES,Battery Storage,97.0,2022-03-10
PLT00269,Halcyon Hybrid Site 1,ACC0088,US,Hybrid,62.2,2020-07-10
PLT00270,Halcyon Solar PV Site 2,ACC0088,US,Solar PV,60.2,2025-12-08
PLT00271,Halcyon Solar PV Site 3,ACC0088,US,Solar PV,51.9,2026-02-21
PLT00272,Halcyon Hybrid Site 4,ACC0088,US,Hybrid,120.0,2025-07-10
PLT00273,Halcyon Solar PV Site 5,ACC0088,US,Solar PV,34.9,2025-03-08
PLT00274,Orion Solar PV Site 1,ACC0089,CL,Solar PV,48.5,2018-03-20
PLT00275,Orion Solar PV Site 2,ACC0089,CL,Solar PV,58.9,2017-12-28
PLT00276,Solstice Hybrid Site 1,ACC0090,IT,Hybrid,146.7,2021-04-22
PLT00277,Solstice Solar PV Site 2,ACC0090,IT,Solar PV,65.1,2025-03-01
PLT00278,Solstice Hybrid Site 3,ACC0090,IT,Hybrid,72.9,2019-01-26
PLT00279,Solstice Solar PV Site 4,ACC0090,IT,Solar PV,71.3,2025-04-06
PLT00280,Solara Solar PV Site 1,ACC0091,US,Solar PV,34.7,2020-06-18
PLT00281,Solara Solar PV Site 2,ACC0091,US,Solar PV,28.3,2018-08-02
PLT00282,Solara Solar PV Site 3,ACC0091,US,Solar PV,55.2,2019-08-01
PLT00283,Solara Wind Site 4,ACC0091,US,Wind,67.8,2022-02-26
PLT00284,Solara Battery Storage Site 5,ACC0091,US,Battery Storage,267.9,2023-03-23
PLT00285,Sierra Hybrid Site 1,ACC0092,FR,Hybrid,134.4,2018-03-14
PLT00286,Sierra Solar PV Site 2,ACC0092,FR,Solar PV,99.8,2017-12-30
PLT00287,Sierra Hybrid Site 3,ACC0092,FR,Hybrid,46.0,2020-03-08
PLT00288,Sierra Solar PV Site 4,ACC0092,FR,Solar PV,61.5,2024-04-30
PLT00289,Sierra Solar PV Site 5,ACC0092,FR,Solar PV,52.0,2018-10-11
PLT00290,Solara Solar PV Site 1,ACC0093,US,Solar PV,94.0,2024-04-19
PLT00291,Solara Solar PV Site 2,ACC0093,US,Solar PV,36.2,2023-11-16
PLT00292,Solara Solar PV Site 3,ACC0093,US,Solar PV,22.5,2022-08-21
PLT00293,Solara Solar PV Site 4,ACC0093,US,Solar PV,42.1,2021-10-15
PLT00294,Azure Hybrid Site 1,ACC0094,AU,Hybrid,16.6,2021-03-21
PLT00295,Azure Solar PV Site 2,ACC0094,AU,Solar PV,26.4,2026-03-20
PLT00296,Azure Solar PV Site 3,ACC0094,AU,Solar PV,142.3,2017-10-11
PLT00297,Azure Wind Site 4,ACC0094,AU,Wind,56.8,2022-09-20
PLT00298,Azure Solar PV Site 5,ACC0094,AU,Solar PV,35.2,2026-04-16
PLT00299,Prairie Solar PV Site 1,ACC0095,US,Solar PV,67.7,2021-07-31
PLT00300,Prairie Wind Site 2,ACC0095,US,Wind,32.8,2025-07-25
PLT00301,Crestline Wind Site 1,ACC0096,NL,Wind,283.3,2024-04-29
PLT00302,Crestline Solar PV Site 2,ACC0096,NL,Solar PV,59.9,2023-01-11
PLT00303,Crestline Wind Site 3,ACC0096,NL,Wind,25.2,2023-09-19
PLT00304,Azure Solar PV Site 1,ACC0097,SA,Solar PV,99.2,2020-08-04
PLT00305,Azure Wind Site 2,ACC0097,SA,Wind,15.2,2021-11-11
PLT00306,Zephyr Wind Site 1,ACC0098,IN,Wind,49.1,2019-02-28
PLT00307,Zephyr Solar PV Site 2,ACC0098,IN,Solar PV,44.5,2018-03-18
PLT00308,Zephyr Battery Storage Site 3,ACC0098,IN,Battery Storage,39.5,2024-02-10
PLT00309,Solara Hybrid Site 1,ACC0099,FR,Hybrid,32.9,2018-03-09
PLT00310,Solara Solar PV Site 2,ACC0099,FR,Solar PV,64.5,2020-03-17
PLT00311,Solara Battery Storage Site 3,ACC0099,FR,Battery Storage,58.6,2022-01-30
PLT00312,Tidewater Solar PV Site 1,ACC0100,GB,Solar PV,90.8,2023-09-30
PLT00313,Solara Solar PV Site 1,ACC0101,PT,Solar PV,51.9,2021-08-10
PLT00314,Solara Solar PV Site 2,ACC0101,PT,Solar PV,44.2,2023-09-27
PLT00315,Solara Wind Site 3,ACC0101,PT,Wind,33.9,2022-04-11
PLT00316,Solara Solar PV Site 4,ACC0101,PT,Solar PV,58.3,2022-07-27
PLT00317,Helios Battery Storage Site 1,ACC0102,GB,Battery Storage,17.5,2021-03-30
PLT00318,Helios Solar PV Site 2,ACC0102,GB,Solar PV,129.9,2024-10-16
PLT00319,Helios Solar PV Site 3,ACC0102,GB,Solar PV,38.0,2020-05-08
PLT00320,Helios Solar PV Site 4,ACC0102,GB,Solar PV,43.5,2020-10-21
PLT00321,Lumen Solar PV Site 1,ACC0103,US,Solar PV,47.5,2020-01-29
PLT00322,Azure Solar PV Site 1,ACC0104,IT,Solar PV,9.1,2021-03-28
PLT00323,Altamira Wind Site 1,ACC0105,IT,Wind,25.4,2019-05-09
PLT00324,Altamira Solar PV Site 2,ACC0105,IT,Solar PV,35.0,2017-05-17
PLT00325,Altamira Hybrid Site 3,ACC0105,IT,Hybrid,5.0,2025-03-24
PLT00326,Altamira Battery Storage Site 4,ACC0105,IT,Battery Storage,38.7,2021-11-06
PLT00327,Altamira Solar PV Site 5,ACC0105,IT,Solar PV,117.4,2024-07-09
PLT00328,Azure Solar PV Site 1,ACC0106,NL,Solar PV,73.7,2017-04-20
PLT00329,Azure Solar PV Site 2,ACC0106,NL,Solar PV,57.6,2024-04-05
PLT00330,Azure Battery Storage Site 3,ACC0106,NL,Battery Storage,224.5,2022-04-18
PLT00331,Azure Solar PV Site 4,ACC0106,NL,Solar PV,81.9,2017-10-17
PLT00332,Azure Hybrid Site 1,ACC0107,ES,Hybrid,151.4,2018-04-05
PLT00333,Azure Solar PV Site 2,ACC0107,ES,Solar PV,54.4,2025-06-09
PLT00334,Azure Solar PV Site 3,ACC0107,ES,Solar PV,134.0,2023-01-04
PLT00335,Azure Solar PV Site 4,ACC0107,ES,Solar PV,23.7,2025-11-22
PLT00336,Azure Solar PV Site 5,ACC0107,ES,Solar PV,61.7,2019-03-28
PLT00337,Zephyr Solar PV Site 1,ACC0108,CL,Solar PV,28.3,2024-04-12
PLT00338,Tidewater Battery Storage Site 1,ACC0109,PT,Battery Storage,27.2,2023-05-27
PLT00339,Tidewater Solar PV Site 2,ACC0109,PT,Solar PV,86.0,2018-12-10
PLT00340,Tidewater Solar PV Site 3,ACC0109,PT,Solar PV,32.9,2024-04-25
PLT00341,Zephyr Wind Site 1,ACC0110,MX,Wind,18.0,2021-01-24
PLT00342,Atlas Solar PV Site 1,ACC0111,US,Solar PV,17.7,2022-05-20
PLT00343,Atlas Solar PV Site 2,ACC0111,US,Solar PV,12.6,2019-08-14
PLT00344,Atlas Wind Site 1,ACC0112,ES,Wind,59.1,2019-07-06
PLT00345,Atlas Solar PV Site 2,ACC0112,ES,Solar PV,14.1,2024-12-25
PLT00346,Atlas Solar PV Site 3,ACC0112,ES,Solar PV,102.5,2019-02-20
PLT00347,Atlas Hybrid Site 4,ACC0112,ES,Hybrid,59.3,2019-02-06
PLT00348,Tidewater Solar PV Site 1,ACC0113,ES,Solar PV,69.9,2024-04-19
PLT00349,Tidewater Solar PV Site 2,ACC0113,ES,Solar PV,12.3,2017-12-25
PLT00350,Orion Solar PV Site 1,ACC0114,CA,Solar PV,20.5,2020-08-12
PLT00351,Halcyon Solar PV Site 1,ACC0115,CL,Solar PV,14.6,2020-12-21
PLT00352,Halcyon Wind Site 2,ACC0115,CL,Wind,25.1,2018-05-28
PLT00353,Halcyon Solar PV Site 3,ACC0115,CL,Solar PV,58.2,2026-04-22
PLT00354,Ember Solar PV Site 1,ACC0116,CL,Solar PV,19.2,2025-10-01
PLT00355,Ember Wind Site 2,ACC0116,CL,Wind,111.4,2021-01-03
PLT00356,Cobalt Solar PV Site 1,ACC0117,BR,Solar PV,35.1,2020-11-28
PLT00357,Cobalt Solar PV Site 2,ACC0117,BR,Solar PV,52.6,2021-06-22
PLT00358,Cobalt Hybrid Site 3,ACC0117,BR,Hybrid,33.1,2023-01-29
PLT00359,Helios Solar PV Site 1,ACC0118,CL,Solar PV,43.5,2019-09-21
PLT00360,Helios Hybrid Site 2,ACC0118,CL,Hybrid,68.9,2018-05-31
PLT00361,Everglow Battery Storage Site 1,ACC0119,DE,Battery Storage,58.3,2019-03-31
PLT00362,Everglow Solar PV Site 2,ACC0119,DE,Solar PV,71.4,2024-06-23
PLT00363,Everglow Wind Site 3,ACC0119,DE,Wind,115.2,2023-02-08
PLT00364,Everglow Hybrid Site 4,ACC0119,DE,Hybrid,111.3,2019-06-19
PLT00365,Everglow Solar PV Site 5,ACC0119,DE,Solar PV,60.7,2025-01-19
PLT00366,Prairie Solar PV Site 1,ACC0120,BR,Solar PV,23.2,2025-03-25
PLT00367,Prairie Wind Site 2,ACC0120,BR,Wind,44.4,2018-04-16
PLT00368,Prairie Hybrid Site 3,ACC0120,BR,Hybrid,11.0,2024-06-03
PLT00369,Prairie Solar PV Site 4,ACC0120,BR,Solar PV,45.3,2018-11-24
PLT00370,Prairie Wind Site 5,ACC0120,BR,Wind,67.3,2022-01-24
PLT00371,Meridian Solar PV Site 1,ACC0121,AU,Solar PV,75.6,2024-02-17
PLT00372,Sierra Solar PV Site 1,ACC0122,SA,Solar PV,40.9,2019-05-17
PLT00373,Sierra Solar PV Site 2,ACC0122,SA,Solar PV,39.0,2024-11-25
PLT00374,Sierra Hybrid Site 3,ACC0122,SA,Hybrid,124.6,2024-06-24
PLT00375,Sierra Wind Site 4,ACC0122,SA,Wind,33.1,2019-07-06
PLT00376,Sierra Solar PV Site 5,ACC0122,SA,Solar PV,61.4,2022-01-09
PLT00377,Nordwind Wind Site 1,ACC0123,ES,Wind,49.9,2026-02-05
PLT00378,Nordwind Hybrid Site 2,ACC0123,ES,Hybrid,18.7,2020-06-18
PLT00379,Nordwind Solar PV Site 3,ACC0123,ES,Solar PV,116.7,2023-02-04
PLT00380,Pinnacle Solar PV Site 1,ACC0124,BR,Solar PV,45.1,2018-01-10
PLT00381,Pinnacle Solar PV Site 2,ACC0124,BR,Solar PV,25.7,2022-09-30
PLT00382,Orion Hybrid Site 1,ACC0125,IT,Hybrid,50.1,2024-05-31
PLT00383,Orion Wind Site 2,ACC0125,IT,Wind,12.4,2019-12-17
PLT00384,Ember Wind Site 1,ACC0126,NL,Wind,25.2,2022-10-19
PLT00385,Ember Solar PV Site 2,ACC0126,NL,Solar PV,13.5,2025-09-12
PLT00386,Helios Solar PV Site 1,ACC0127,PT,Solar PV,120.2,2021-07-27
PLT00387,Helios Solar PV Site 2,ACC0127,PT,Solar PV,29.3,2017-09-01
PLT00388,Helios Solar PV Site 3,ACC0127,PT,Solar PV,40.2,2021-01-11
PLT00389,Helios Solar PV Site 4,ACC0127,PT,Solar PV,12.8,2025-12-14
PLT00390,Kestrel Wind Site 1,ACC0128,FR,Wind,51.9,2025-03-22
PLT00391,Kestrel Solar PV Site 2,ACC0128,FR,Solar PV,62.5,2020-12-19
PLT00392,Kestrel Solar PV Site 3,ACC0128,FR,Solar PV,11.2,2024-05-29
PLT00393,Borealis Hybrid Site 1,ACC0129,IT,Hybrid,30.3,2017-05-29
PLT00394,Borealis Wind Site 2,ACC0129,IT,Wind,7.0,2025-10-17
PLT00395,Borealis Solar PV Site 3,ACC0129,IT,Solar PV,31.3,2022-02-07
PLT00396,Cobalt Solar PV Site 1,ACC0130,PT,Solar PV,39.5,2023-02-12
PLT00397,Crestline Solar PV Site 1,ACC0131,BR,Solar PV,75.1,2024-09-16
PLT00398,Crestline Solar PV Site 2,ACC0131,BR,Solar PV,20.0,2018-09-25
PLT00399,Crestline Hybrid Site 3,ACC0131,BR,Hybrid,29.5,2025-07-23
PLT00400,Crestline Solar PV Site 4,ACC0131,BR,Solar PV,15.4,2018-05-24
PLT00401,Crestline Solar PV Site 5,ACC0131,BR,Solar PV,26.5,2017-12-29
PLT00402,Sierra Solar PV Site 1,ACC0132,GB,Solar PV,48.7,2026-05-15
PLT00403,Azure Solar PV Site 1,ACC0133,CA,Solar PV,47.7,2024-11-08
PLT00404,Azure Wind Site 2,ACC0133,CA,Wind,41.8,2020-01-07
PLT00405,Azure Solar PV Site 3,ACC0133,CA,Solar PV,14.2,2023-02-05
PLT00406,Prairie Solar PV Site 1,ACC0134,DE,Solar PV,15.1,2021-04-27
PLT00407,Prairie Solar PV Site 2,ACC0134,DE,Solar PV,23.4,2024-06-05
PLT00408,Prairie Solar PV Site 3,ACC0134,DE,Solar PV,146.7,2019-08-01
PLT00409,Altamira Solar PV Site 1,ACC0135,NL,Solar PV,77.0,2024-12-29
PLT00410,Altamira Battery Storage Site 2,ACC0135,NL,Battery Storage,28.4,2025-05-12
PLT00411,Altamira Solar PV Site 3,ACC0135,NL,Solar PV,91.9,2024-04-11
PLT00412,Altamira Wind Site 4,ACC0135,NL,Wind,27.4,2018-03-12
PLT00413,Atlas Solar PV Site 1,ACC0136,US,Solar PV,108.4,2020-04-24
PLT00414,Atlas Wind Site 2,ACC0136,US,Wind,276.1,2022-04-25
PLT00415,Kestrel Solar PV Site 1,ACC0137,GR,Solar PV,17.6,2022-12-17
PLT00416,Orion Wind Site 1,ACC0138,US,Wind,19.3,2023-06-09
PLT00417,Orion Solar PV Site 2,ACC0138,US,Solar PV,40.1,2021-03-16
PLT00418,Orion Solar PV Site 3,ACC0138,US,Solar PV,21.6,2017-12-17
PLT00419,Orion Wind Site 4,ACC0138,US,Wind,31.4,2017-07-02
PLT00420,Solara Solar PV Site 1,ACC0139,DE,Solar PV,176.2,2017-12-03
PLT00421,Solara Hybrid Site 2,ACC0139,DE,Hybrid,15.3,2022-12-04
PLT00422,Solara Solar PV Site 3,ACC0139,DE,Solar PV,18.3,2026-06-14
PLT00423,Solara Solar PV Site 4,ACC0139,DE,Solar PV,48.6,2024-01-08
PLT00424,Orion Hybrid Site 1,ACC0140,US,Hybrid,78.0,2021-08-21
PLT00425,Orion Solar PV Site 2,ACC0140,US,Solar PV,109.3,2021-12-06
PLT00426,Orion Solar PV Site 3,ACC0140,US,Solar PV,101.4,2021-05-07
PLT00427,Orion Solar PV Site 4,ACC0140,US,Solar PV,44.7,2023-03-03
PLT00428,Orion Wind Site 1,ACC0141,AU,Wind,10.2,2023-10-05
PLT00429,Orion Solar PV Site 2,ACC0141,AU,Solar PV,40.0,2017-06-15
PLT00430,Orion Hybrid Site 3,ACC0141,AU,Hybrid,31.6,2020-11-22
PLT00431,Solstice Solar PV Site 1,ACC0142,US,Solar PV,35.3,2020-01-09
PLT00432,Solstice Wind Site 2,ACC0142,US,Wind,9.7,2020-12-28
PLT00433,Solstice Hybrid Site 3,ACC0142,US,Hybrid,45.0,2018-08-11
PLT00434,Solstice Battery Storage Site 4,ACC0142,US,Battery Storage,9.4,2024-03-11
PLT00435,Prairie Solar PV Site 1,ACC0143,AU,Solar PV,44.7,2019-03-29
PLT00436,Prairie Solar PV Site 2,ACC0143,AU,Solar PV,31.1,2024-02-22
PLT00437,Prairie Hybrid Site 3,ACC0143,AU,Hybrid,66.3,2026-05-27
PLT00438,Prairie Wind Site 4,ACC0143,AU,Wind,8.3,2020-11-23
PLT00439,Prairie Solar PV Site 5,ACC0143,AU,Solar PV,75.4,2025-11-02
PLT00440,Altamira Solar PV Site 1,ACC0144,FR,Solar PV,89.6,2024-11-27
PLT00441,Altamira Hybrid Site 2,ACC0144,FR,Hybrid,22.3,2025-09-17
PLT00442,Altamira Wind Site 3,ACC0144,FR,Wind,47.1,2025-08-03
PLT00443,Altamira Solar PV Site 4,ACC0144,FR,Solar PV,62.7,2017-11-26
PLT00444,Vireo Solar PV Site 1,ACC0145,GR,Solar PV,53.6,2020-12-29
PLT00445,Vireo Wind Site 2,ACC0145,GR,Wind,21.9,2020-12-15
PLT00446,Vireo Solar PV Site 3,ACC0145,GR,Solar PV,45.4,2021-02-27
PLT00447,Kestrel Battery Storage Site 1,ACC0146,GB,Battery Storage,15.8,2017-09-05
PLT00448,Halcyon Wind Site 1,ACC0147,FR,Wind,18.4,2018-10-20
PLT00449,Halcyon Solar PV Site 2,ACC0147,FR,Solar PV,26.9,2017-05-08
PLT00450,Lumen Solar PV Site 1,ACC0148,AU,Solar PV,77.0,2023-04-05
PLT00451,Lumen Solar PV Site 2,ACC0148,AU,Solar PV,25.9,2024-08-25
PLT00452,Tidewater Battery Storage Site 1,ACC0149,MX,Battery Storage,61.6,2021-12-26
PLT00453,Ember Solar PV Site 1,ACC0150,GR,Solar PV,18.9,2020-09-19
PLT00454,Ember Battery Storage Site 2,ACC0150,GR,Battery Storage,56.7,2017-10-28
PLT00455,Ember Solar PV Site 3,ACC0150,GR,Solar PV,38.1,2022-09-07
PLT00456,Ember Solar PV Site 4,ACC0150,GR,Solar PV,54.3,2025-07-27
PLT00457,Meridian Wind Site 1,ACC0151,US,Wind,27.5,2019-01-16
PLT00458,Meridian Solar PV Site 2,ACC0151,US,Solar PV,19.2,2025-04-07
PLT00459,Meridian Solar PV Site 3,ACC0151,US,Solar PV,191.3,2021-10-02
PLT00460,Meridian Solar PV Site 4,ACC0151,US,Solar PV,12.3,2023-12-26
PLT00461,Meridian Solar PV Site 5,ACC0151,US,Solar PV,31.2,2017-08-01
PLT00462,Prairie Solar PV Site 1,ACC0152,GR,Solar PV,55.7,2017-04-29
PLT00463,Prairie Wind Site 2,ACC0152,GR,Wind,52.8,2022-01-05
PLT00464,Meridian Wind Site 1,ACC0153,US,Wind,102.1,2025-03-16
PLT00465,Meridian Wind Site 2,ACC0153,US,Wind,8.0,2021-07-30
PLT00466,Meridian Solar PV Site 3,ACC0153,US,Solar PV,28.3,2022-07-05
PLT00467,Meridian Solar PV Site 4,ACC0153,US,Solar PV,31.4,2021-05-22
PLT00468,Meridian Battery Storage Site 5,ACC0153,US,Battery Storage,28.9,2021-03-19
PLT00469,Solstice Hybrid Site 1,ACC0154,IT,Hybrid,40.6,2019-12-25
PLT00470,Solstice Hybrid Site 2,ACC0154,IT,Hybrid,46.2,2025-10-06
PLT00471,Lumen Hybrid Site 1,ACC0155,IT,Hybrid,63.8,2024-04-04
PLT00472,Lumen Hybrid Site 2,ACC0155,IT,Hybrid,67.7,2024-07-02
PLT00473,Lumen Battery Storage Site 3,ACC0155,IT,Battery Storage,116.6,2017-11-18
PLT00474,Lumen Wind Site 4,ACC0155,IT,Wind,27.5,2023-02-04
PLT00475,Lumen Solar PV Site 5,ACC0155,IT,Solar PV,13.9,2022-06-24
PLT00476,Zephyr Wind Site 1,ACC0156,ES,Wind,9.7,2017-11-08
PLT00477,Zephyr Solar PV Site 2,ACC0156,ES,Solar PV,43.1,2022-03-24
PLT00478,Zephyr Hybrid Site 3,ACC0156,ES,Hybrid,19.9,2020-01-23
PLT00479,Zephyr Solar PV Site 4,ACC0156,ES,Solar PV,80.9,2020-08-30
PLT00480,Aurora Solar PV Site 1,ACC0157,IT,Solar PV,22.6,2022-01-02
PLT00481,Aurora Solar PV Site 2,ACC0157,IT,Solar PV,162.4,2023-12-28
PLT00482,Halcyon Battery Storage Site 1,ACC0158,GB,Battery Storage,26.2,2020-09-03
PLT00483,Halcyon Wind Site 2,ACC0158,GB,Wind,16.2,2018-04-23
PLT00484,Halcyon Wind Site 3,ACC0158,GB,Wind,7.9,2019-07-22
PLT00485,Halcyon Solar PV Site 4,ACC0158,GB,Solar PV,10.6,2023-05-27
PLT00486,Pinnacle Solar PV Site 1,ACC0159,FR,Solar PV,22.4,2021-01-07
PLT00487,Pinnacle Wind Site 2,ACC0159,FR,Wind,54.8,2021-07-31
PLT00488,Pinnacle Solar PV Site 3,ACC0159,FR,Solar PV,26.7,2023-12-18
PLT00489,Pinnacle Battery Storage Site 4,ACC0159,FR,Battery Storage,93.0,2021-12-30
PLT00490,Altamira Wind Site 1,ACC0160,ES,Wind,28.2,2026-01-10
PLT00491,Altamira Battery Storage Site 2,ACC0160,ES,Battery Storage,27.0,2019-10-15
PLT00492,Altamira Solar PV Site 3,ACC0160,ES,Solar PV,25.0,2018-06-22
PLT00493,Altamira Solar PV Site 4,ACC0160,ES,Solar PV,54.5,2021-05-22
PLT00494,Altamira Solar PV Site 5,ACC0160,ES,Solar PV,85.1,2018-06-16
