Segment,Year,Q1,Q2,Q3,Q4
Americas SCADA,2024,0.0,502.0,919.0,1092.0
Americas SCADA,2025,1095.0,1958.0,2510.0,2436.0
Americas SCADA,2026,1515.0,1501.0,2100.0,2119.0
Americas SCADA,2027,2105.0,2168.0,,
Americas SaaS,2024,48.0,224.0,377.0,358.0
Americas SaaS,2025,658.0,463.0,787.0,490.0
Americas SaaS,2026,681.0,667.0,970.0,704.0
Americas SaaS,2027,771.0,798.0,,
EMEA & RoW SCADA,2024,22.0,377.0,1032.0,1296.0
EMEA & RoW SCADA,2025,1416.0,1743.0,1879.0,1356.0
EMEA & RoW SCADA,2026,1981.0,2205.0,1733.0,1656.0
EMEA & RoW SCADA,2027,1755.0,1757.0,,
EMEA & RoW SaaS,2024,121.0,505.0,859.0,698.0
EMEA & RoW SaaS,2025,1209.0,1031.0,1274.0,1331.0
EMEA & RoW SaaS,2026,972.0,1710.0,1209.0,1366.0
EMEA & RoW SaaS,2027,1342.0,1434.0,,
