Id,OpportunityId,Product2Id,CurrencyIsoCode,QS_Annual_Recurring_Revenue__c
OPP00001-L1,OPP00001,P06,USD,83600.0
OPP00002-L1,OPP00002,P04,EUR,10533.6
OPP00002-L2,OPP00002,P01,EUR,29013.6
OPP00002-L3,OPP00002,P06,EUR,35481.6
OPP00003-L1,OPP00003,P02,USD,32600.0
OPP00003-L2,OPP00003,P03,USD,26000.0
OPP00004-L1,OPP00004,P03,USD,11700.0
OPP00004-L2,OPP00004,P06,USD,31700.0
OPP00005-L1,OPP00005,P07,USD,68400.0
OPP00006-L1,OPP00006,P04,USD,17300.0
OPP00007-L1,OPP00007,P05,EUR,54978.0
OPP00007-L2,OPP00007,P02,EUR,8223.6
OPP00008-L1,OPP00008,P03,GBP,13860.0
OPP00009-L1,OPP00009,P01,EUR,17740.8
OPP00010-L1,OPP00010,P05,USD,77200.0
OPP00010-L2,OPP00010,P07,USD,55500.0
OPP00011-L1,OPP00011,P01,EUR,18295.2
OPP00011-L2,OPP00011,P02,EUR,33264.0
OPP00011-L3,OPP00011,P07,EUR,39916.8
OPP00012-L1,OPP00012,P01,USD,60100.0
OPP00012-L2,OPP00012,P04,USD,21200.0
OPP00013-L1,OPP00013,P01,GBP,31680.0
OPP00014-L1,OPP00014,P07,GBP,15364.8
OPP00015-L1,OPP00015,P05,GBP,23284.8
OPP00015-L2,OPP00015,P05,GBP,12038.4
OPP00016-L1,OPP00016,P05,USD,110000.0
OPP00016-L2,OPP00016,P02,USD,45500.0
OPP00017-L1,OPP00017,P03,EUR,7392.0
OPP00018-L1,OPP00018,P01,EUR,6930.0
OPP00019-L1,OPP00019,P08,USD,35100.0
OPP00020-L1,OPP00020,P06,USD,103200.0
OPP00021-L1,OPP00021,P02,USD,32300.0
OPP00022-L1,OPP00022,P01,EUR,52206.0
OPP00022-L2,OPP00022,P01,EUR,30030.0
OPP00023-L1,OPP00023,P04,EUR,3418.8
OPP00024-L1,OPP00024,P07,EUR,12658.8
OPP00025-L1,OPP00025,P08,EUR,24301.2
OPP00025-L2,OPP00025,P08,EUR,20974.8
OPP00026-L1,OPP00026,P01,USD,29000.0
OPP00027-L1,OPP00027,P03,USD,19100.0
OPP00027-L2,OPP00027,P07,USD,19000.0
OPP00028-L1,OPP00028,P06,EUR,67544.4
OPP00029-L1,OPP00029,P03,USD,34700.0
OPP00029-L2,OPP00029,P08,USD,136300.0
OPP00030-L1,OPP00030,P01,EUR,53222.4
OPP00031-L1,OPP00031,P02,EUR,5266.8
OPP00032-L1,OPP00032,P05,USD,79200.0
OPP00033-L1,OPP00033,P01,USD,42100.0
OPP00034-L1,OPP00034,P05,USD,61300.0
OPP00035-L1,OPP00035,P02,USD,7600.0
OPP00035-L2,OPP00035,P01,USD,48000.0
OPP00036-L1,OPP00036,P02,AUD,36504.0
OPP00037-L1,OPP00037,P02,EUR,11457.6
OPP00038-L1,OPP00038,P03,EUR,57380.4
OPP00039-L1,OPP00039,P02,EUR,13028.4
OPP00040-L1,OPP00040,P04,USD,8200.0
OPP00041-L1,OPP00041,P08,AUD,48367.8
OPP00042-L1,OPP00042,P01,AUD,47759.4
OPP00042-L2,OPP00042,P04,AUD,23727.6
OPP00043-L1,OPP00043,P04,GBP,5940.0
OPP00043-L2,OPP00043,P03,GBP,14018.4
OPP00044-L1,OPP00044,P03,GBP,24314.4
OPP00045-L1,OPP00045,P06,AUD,101146.5
OPP00045-L2,OPP00045,P02,AUD,22662.9
OPP00046-L1,OPP00046,P01,USD,15300.0
OPP00047-L1,OPP00047,P06,USD,145200.0
OPP00047-L2,OPP00047,P06,USD,45900.0
OPP00048-L1,OPP00048,P08,EUR,38623.2
OPP00048-L2,OPP00048,P03,EUR,32894.4
OPP00049-L1,OPP00049,P01,USD,38500.0
OPP00050-L1,OPP00050,P05,USD,146200.0
OPP00051-L1,OPP00051,P08,AUD,29507.4
OPP00051-L2,OPP00051,P06,AUD,104949.0
OPP00052-L1,OPP00052,P08,USD,135200.0
OPP00053-L1,OPP00053,P02,GBP,4435.2
OPP00053-L2,OPP00053,P07,GBP,14176.8
OPP00054-L1,OPP00054,P06,GBP,65736.0
OPP00054-L2,OPP00054,P05,GBP,40233.6
OPP00055-L1,OPP00055,P06,USD,289200.0
OPP00056-L1,OPP00056,P05,GBP,49341.6
OPP00056-L2,OPP00056,P06,GBP,42134.4
OPP00057-L1,OPP00057,P07,GBP,16473.6
OPP00057-L2,OPP00057,P05,GBP,71200.8
OPP00058-L1,OPP00058,P02,EUR,17186.4
OPP00059-L1,OPP00059,P03,EUR,10164.0
OPP00059-L2,OPP00059,P01,EUR,10071.6
OPP00060-L1,OPP00060,P04,USD,48200.0
OPP00061-L1,OPP00061,P06,EUR,46200.0
OPP00061-L2,OPP00061,P06,EUR,129082.8
OPP00062-L1,OPP00062,P03,EUR,40840.8
OPP00063-L1,OPP00063,P04,USD,12900.0
OPP00063-L2,OPP00063,P05,USD,105600.0
OPP00064-L1,OPP00064,P04,EUR,4804.8
OPP00064-L2,OPP00064,P03,EUR,13860.0
OPP00065-L1,OPP00065,P08,EUR,18295.2
OPP00066-L1,OPP00066,P08,EUR,31416.0
OPP00066-L2,OPP00066,P05,EUR,81866.4
OPP00067-L1,OPP00067,P03,EUR,49618.8
OPP00068-L1,OPP00068,P04,CAD,15526.8
OPP00068-L2,OPP00068,P01,CAD,59519.4
OPP00069-L1,OPP00069,P04,EUR,14506.8
OPP00070-L1,OPP00070,P08,EUR,17463.6
OPP00071-L1,OPP00071,P04,EUR,33079.2
OPP00072-L1,OPP00072,P03,EUR,18387.6
OPP00073-L1,OPP00073,P03,GBP,23047.2
OPP00073-L2,OPP00073,P03,GBP,13622.4
OPP00074-L1,OPP00074,P04,USD,13300.0
OPP00074-L2,OPP00074,P06,USD,93700.0
OPP00075-L1,OPP00075,P08,USD,48700.0
OPP00075-L2,OPP00075,P06,USD,93200.0
OPP00076-L1,OPP00076,P03,USD,50000.0
OPP00076-L2,OPP00076,P03,USD,29000.0
OPP00077-L1,OPP00077,P06,EUR,59782.8
OPP00077-L2,OPP00077,P07,EUR,19404.0
OPP00078-L1,OPP00078,P01,USD,24500.0
OPP00079-L1,OPP00079,P06,EUR,23100.0
OPP00080-L1,OPP00080,P02,USD,22700.0
OPP00081-L1,OPP00081,P08,EUR,15892.8
OPP00081-L2,OPP00081,P08,EUR,23284.8
OPP00082-L1,OPP00082,P01,USD,18600.0
OPP00082-L2,OPP00082,P03,USD,6300.0
OPP00083-L1,OPP00083,P01,USD,53100.0
OPP00084-L1,OPP00084,P05,USD,51100.0
OPP00084-L2,OPP00084,P07,USD,100800.0
OPP00085-L1,OPP00085,P08,USD,17500.0
OPP00086-L1,OPP00086,P03,USD,25900.0
OPP00087-L1,OPP00087,P04,EUR,22268.4
OPP00088-L1,OPP00088,P05,EUR,133795.2
OPP00089-L1,OPP00089,P02,USD,23400.0
OPP00090-L1,OPP00090,P01,AUD,41675.4
OPP00091-L1,OPP00091,P04,AUD,12168.0
OPP00091-L2,OPP00091,P02,AUD,11559.6
OPP00092-L1,OPP00092,P05,EUR,49434.0
OPP00093-L1,OPP00093,P08,USD,19200.0
OPP00094-L1,OPP00094,P05,GBP,108345.6
OPP00094-L2,OPP00094,P06,GBP,52509.6
OPP00095-L1,OPP00095,P06,USD,62900.0
OPP00096-L1,OPP00096,P04,EUR,19681.2
OPP00096-L2,OPP00096,P02,EUR,7207.2
OPP00097-L1,OPP00097,P05,EUR,113744.4
OPP00098-L1,OPP00098,P07,EUR,33171.6
OPP00098-L2,OPP00098,P03,EUR,9332.4
OPP00099-L1,OPP00099,P04,GBP,14493.6
OPP00099-L2,OPP00099,P07,GBP,29145.6
OPP00100-L1,OPP00100,P04,EUR,30030.0
OPP00100-L2,OPP00100,P03,EUR,28736.4
OPP00101-L1,OPP00101,P01,USD,44200.0
OPP00102-L1,OPP00102,P05,EUR,191637.6
OPP00102-L2,OPP00102,P05,EUR,61168.8
OPP00103-L1,OPP00103,P03,USD,12900.0
OPP00103-L2,OPP00103,P01,USD,11900.0
OPP00104-L1,OPP00104,P02,USD,72500.0
OPP00105-L1,OPP00105,P04,USD,40100.0
OPP00106-L1,OPP00106,P03,EUR,8408.4
OPP00106-L2,OPP00106,P04,EUR,8500.8
OPP00107-L1,OPP00107,P01,EUR,69946.8
OPP00108-L1,OPP00108,P02,EUR,14044.8
OPP00108-L2,OPP00108,P03,EUR,13582.8
OPP00108-L3,OPP00108,P01,EUR,56364.0
OPP00109-L1,OPP00109,P07,USD,22500.0
OPP00110-L1,OPP00110,P03,USD,10900.0
OPP00110-L2,OPP00110,P05,USD,85100.0
OPP00111-L1,OPP00111,P01,GBP,16948.8
OPP00112-L1,OPP00112,P06,USD,44100.0
OPP00113-L1,OPP00113,P03,EUR,13952.4
OPP00114-L1,OPP00114,P05,USD,93300.0
OPP00115-L1,OPP00115,P04,EUR,4527.6
OPP00116-L1,OPP00116,P03,USD,17900.0
OPP00117-L1,OPP00117,P06,USD,29700.0
OPP00118-L1,OPP00118,P04,EUR,44629.2
OPP00119-L1,OPP00119,P08,EUR,35112.0
OPP00120-L1,OPP00120,P08,AUD,35895.6
OPP00121-L1,OPP00121,P04,GBP,7128.0
OPP00121-L2,OPP00121,P02,GBP,7761.6
OPP00122-L1,OPP00122,P02,USD,21600.0
OPP00123-L1,OPP00123,P07,AUD,38785.5
OPP00124-L1,OPP00124,P04,EUR,23284.8
OPP00125-L1,OPP00125,P07,EUR,33171.6
OPP00126-L1,OPP00126,P01,GBP,21938.4
OPP00127-L1,OPP00127,P02,USD,33700.0
OPP00128-L1,OPP00128,P03,EUR,27258.0
OPP00129-L1,OPP00129,P06,CAD,65920.8
OPP00130-L1,OPP00130,P02,AUD,35591.4
OPP00130-L2,OPP00130,P02,AUD,25552.8
OPP00131-L1,OPP00131,P06,USD,53800.0
OPP00132-L1,OPP00132,P02,USD,71700.0
OPP00132-L2,OPP00132,P06,USD,97900.0
OPP00133-L1,OPP00133,P01,GBP,10058.4
OPP00134-L1,OPP00134,P08,EUR,16724.4
OPP00134-L2,OPP00134,P03,EUR,6375.6
OPP00135-L1,OPP00135,P06,AUD,74529.0
OPP00136-L1,OPP00136,P05,USD,75400.0
OPP00136-L2,OPP00136,P03,USD,67900.0
OPP00137-L1,OPP00137,P01,USD,58200.0
OPP00137-L2,OPP00137,P05,USD,92800.0
OPP00138-L1,OPP00138,P03,GBP,11959.2
OPP00138-L2,OPP00138,P03,GBP,13226.4
OPP00139-L1,OPP00139,P08,USD,26900.0
OPP00139-L2,OPP00139,P07,USD,61800.0
OPP00139-L3,OPP00139,P04,USD,14900.0
OPP00140-L1,OPP00140,P03,EUR,35019.6
OPP00141-L1,OPP00141,P06,USD,80000.0
OPP00142-L1,OPP00142,P06,AUD,95670.9
OPP00143-L1,OPP00143,P02,EUR,13120.8
OPP00143-L2,OPP00143,P02,EUR,10256.4
OPP00144-L1,OPP00144,P08,USD,132400.0
OPP00145-L1,OPP00145,P03,EUR,14044.8
OPP00146-L1,OPP00146,P05,EUR,118734.0
OPP00146-L2,OPP00146,P06,EUR,201894.0
OPP00147-L1,OPP00147,P03,EUR,17094.0
OPP00148-L1,OPP00148,P01,EUR,17186.4
OPP00149-L1,OPP00149,P05,EUR,79556.4
OPP00150-L1,OPP00150,P07,EUR,16632.0
OPP00151-L1,OPP00151,P07,EUR,65696.4
OPP00152-L1,OPP00152,P05,EUR,102564.0
OPP00153-L1,OPP00153,P02,USD,34700.0
OPP00154-L1,OPP00154,P04,GBP,26294.4
OPP00155-L1,OPP00155,P06,EUR,38530.8
OPP00156-L1,OPP00156,P01,EUR,49156.8
OPP00156-L2,OPP00156,P04,EUR,7114.8
OPP00157-L1,OPP00157,P08,EUR,31600.8
OPP00158-L1,OPP00158,P02,EUR,18849.6
OPP00158-L2,OPP00158,P01,EUR,53869.2
OPP00159-L1,OPP00159,P03,GBP,3168.0
OPP00160-L1,OPP00160,P02,EUR,40471.2
OPP00160-L2,OPP00160,P03,EUR,15523.2
OPP00161-L1,OPP00161,P01,EUR,74197.2
OPP00162-L1,OPP00162,P08,CAD,70415.4
OPP00162-L2,OPP00162,P07,CAD,43175.4
OPP00163-L1,OPP00163,P02,USD,46700.0
OPP00164-L1,OPP00164,P06,EUR,83622.0
OPP00165-L1,OPP00165,P08,EUR,69762.0
OPP00166-L1,OPP00166,P01,USD,19500.0
OPP00167-L1,OPP00167,P05,GBP,110167.2
OPP00168-L1,OPP00168,P04,USD,12900.0
OPP00168-L2,OPP00168,P04,USD,23100.0
OPP00169-L1,OPP00169,P07,USD,28200.0
OPP00170-L1,OPP00170,P06,USD,54900.0
OPP00171-L1,OPP00171,P03,USD,23500.0
OPP00172-L1,OPP00172,P01,USD,54900.0
OPP00173-L1,OPP00173,P04,USD,15500.0
OPP00173-L2,OPP00173,P07,USD,31400.0
OPP00174-L1,OPP00174,P06,USD,102000.0
OPP00175-L1,OPP00175,P04,EUR,39547.2
OPP00176-L1,OPP00176,P06,CAD,350851.2
OPP00177-L1,OPP00177,P05,USD,124700.0
OPP00178-L1,OPP00178,P02,EUR,16354.8
OPP00179-L1,OPP00179,P05,USD,102800.0
OPP00180-L1,OPP00180,P07,EUR,47493.6
OPP00181-L1,OPP00181,P07,USD,36200.0
OPP00181-L2,OPP00181,P05,USD,54200.0
OPP00182-L1,OPP00182,P05,USD,51900.0
OPP00183-L1,OPP00183,P02,AUD,55516.5
OPP00183-L2,OPP00183,P01,AUD,38785.5
OPP00184-L1,OPP00184,P06,CAD,48351.0
OPP00185-L1,OPP00185,P08,AUD,50040.9
OPP00186-L1,OPP00186,P07,EUR,66435.6
OPP00187-L1,OPP00187,P06,GBP,51163.2
OPP00188-L1,OPP00188,P01,EUR,32802.0
OPP00189-L1,OPP00189,P06,USD,63800.0
OPP00190-L1,OPP00190,P06,USD,46800.0
OPP00191-L1,OPP00191,P03,EUR,17648.4
OPP00192-L1,OPP00192,P08,GBP,24314.4
OPP00193-L1,OPP00193,P01,USD,31000.0
OPP00194-L1,OPP00194,P04,EUR,19958.4
OPP00195-L1,OPP00195,P04,GBP,12909.6
OPP00196-L1,OPP00196,P07,USD,73700.0
OPP00197-L1,OPP00197,P08,USD,23800.0
OPP00198-L1,OPP00198,P06,USD,126800.0
OPP00199-L1,OPP00199,P07,USD,40400.0
OPP00199-L2,OPP00199,P06,USD,53500.0
OPP00200-L1,OPP00200,P08,EUR,35851.2
OPP00200-L2,OPP00200,P04,EUR,16724.4
OPP00201-L1,OPP00201,P08,AUD,55668.6
OPP00201-L2,OPP00201,P07,AUD,279255.6
OPP00202-L1,OPP00202,P08,EUR,17740.8
OPP00203-L1,OPP00203,P08,USD,56800.0
OPP00204-L1,OPP00204,P04,USD,11600.0
OPP00204-L2,OPP00204,P02,USD,16100.0
OPP00205-L1,OPP00205,P04,EUR,32617.2
OPP00205-L2,OPP00205,P04,EUR,31785.6
OPP00206-L1,OPP00206,P03,EUR,6652.8
OPP00207-L1,OPP00207,P02,USD,5900.0
OPP00207-L2,OPP00207,P05,USD,109900.0
OPP00208-L1,OPP00208,P01,EUR,19773.6
OPP00208-L2,OPP00208,P08,EUR,32709.6
OPP00209-L1,OPP00209,P06,EUR,69669.6
OPP00210-L1,OPP00210,P04,GBP,13780.8
OPP00211-L1,OPP00211,P07,CAD,53799.0
OPP00211-L2,OPP00211,P05,CAD,114680.4
OPP00212-L1,OPP00212,P02,USD,21800.0
OPP00213-L1,OPP00213,P05,USD,94100.0
OPP00213-L2,OPP00213,P04,USD,25200.0
OPP00214-L1,OPP00214,P02,GBP,6969.6
OPP00215-L1,OPP00215,P03,EUR,13952.4
OPP00216-L1,OPP00216,P06,EUR,29013.6
OPP00217-L1,OPP00217,P02,EUR,35943.6
OPP00218-L1,OPP00218,P05,USD,44600.0
OPP00219-L1,OPP00219,P03,EUR,25410.0
OPP00220-L1,OPP00220,P04,GBP,9741.6
OPP00221-L1,OPP00221,P03,EUR,7946.4
OPP00221-L2,OPP00221,P07,EUR,13213.2
OPP00222-L1,OPP00222,P06,USD,98800.0
OPP00223-L1,OPP00223,P06,USD,193800.0
OPP00224-L1,OPP00224,P08,USD,86600.0
OPP00224-L2,OPP00224,P08,USD,24700.0
OPP00225-L1,OPP00225,P08,EUR,108477.6
OPP00225-L2,OPP00225,P03,EUR,7946.4
OPP00226-L1,OPP00226,P01,EUR,41302.8
OPP00226-L2,OPP00226,P02,EUR,22360.8
OPP00227-L1,OPP00227,P06,USD,33200.0
OPP00228-L1,OPP00228,P03,EUR,12658.8
OPP00229-L1,OPP00229,P06,USD,38800.0
OPP00230-L1,OPP00230,P02,AUD,46694.7
OPP00231-L1,OPP00231,P04,USD,10300.0
OPP00232-L1,OPP00232,P01,EUR,20974.8
OPP00233-L1,OPP00233,P03,USD,33600.0
OPP00233-L2,OPP00233,P06,USD,23700.0
OPP00234-L1,OPP00234,P08,USD,33300.0
OPP00235-L1,OPP00235,P02,USD,57000.0
OPP00236-L1,OPP00236,P08,USD,12300.0
OPP00236-L2,OPP00236,P06,USD,136000.0
OPP00237-L1,OPP00237,P01,USD,62400.0
OPP00237-L2,OPP00237,P07,USD,53700.0
OPP00237-L3,OPP00237,P07,USD,13100.0
OPP00238-L1,OPP00238,P06,EUR,61261.2
OPP00238-L2,OPP00238,P07,EUR,20512.8
OPP00239-L1,OPP00239,P05,USD,262900.0
OPP00239-L2,OPP00239,P08,USD,46300.0
OPP00240-L1,OPP00240,P07,USD,37400.0
OPP00241-L1,OPP00241,P05,EUR,36405.6
OPP00242-L1,OPP00242,P02,EUR,39547.2
OPP00242-L2,OPP00242,P06,EUR,72903.6
OPP00243-L1,OPP00243,P01,EUR,54423.6
OPP00244-L1,OPP00244,P08,EUR,6930.0
OPP00245-L1,OPP00245,P06,CAD,184687.2
OPP00246-L1,OPP00246,P07,USD,37700.0
OPP00247-L1,OPP00247,P02,USD,16300.0
OPP00247-L2,OPP00247,P07,USD,20500.0
OPP00248-L1,OPP00248,P03,CAD,76408.2
OPP00249-L1,OPP00249,P07,USD,11400.0
OPP00250-L1,OPP00250,P08,USD,43100.0
OPP00250-L2,OPP00250,P06,USD,122100.0
OPP00251-L1,OPP00251,P01,EUR,33448.8
OPP00251-L2,OPP00251,P04,EUR,15985.2
OPP00252-L1,OPP00252,P03,EUR,9702.0
OPP00252-L2,OPP00252,P04,EUR,11919.6
OPP00253-L1,OPP00253,P07,EUR,26796.0
OPP00253-L2,OPP00253,P08,EUR,107553.6
OPP00254-L1,OPP00254,P01,EUR,24024.0
OPP00254-L2,OPP00254,P01,EUR,35481.6
OPP00255-L1,OPP00255,P01,USD,25900.0
OPP00255-L2,OPP00255,P07,USD,20600.0
OPP00255-L3,OPP00255,P04,USD,16200.0
OPP00256-L1,OPP00256,P06,EUR,75398.4
OPP00257-L1,OPP00257,P02,EUR,26980.8
OPP00258-L1,OPP00258,P01,AUD,79548.3
OPP00258-L2,OPP00258,P03,AUD,50040.9
OPP00259-L1,OPP00259,P04,AUD,24336.0
OPP00260-L1,OPP00260,P05,USD,113000.0
OPP00261-L1,OPP00261,P05,EUR,58951.2
OPP00262-L1,OPP00262,P02,USD,28700.0
OPP00262-L2,OPP00262,P04,USD,48900.0
OPP00262-L3,OPP00262,P08,USD,162700.0
OPP00263-L1,OPP00263,P06,USD,50600.0
OPP00264-L1,OPP00264,P04,EUR,8500.8
OPP00265-L1,OPP00265,P06,EUR,51651.6
OPP00265-L2,OPP00265,P06,EUR,149226.0
OPP00266-L1,OPP00266,P07,EUR,21806.4
OPP00267-L1,OPP00267,P02,EUR,11550.0
OPP00268-L1,OPP00268,P07,USD,67800.0
OPP00269-L1,OPP00269,P04,USD,66500.0
OPP00270-L1,OPP00270,P08,USD,39300.0
OPP00270-L2,OPP00270,P05,USD,31800.0
OPP00271-L1,OPP00271,P08,USD,93600.0
OPP00271-L2,OPP00271,P02,USD,53100.0
OPP00272-L1,OPP00272,P03,GBP,8949.6
OPP00273-L1,OPP00273,P06,EUR,39639.6
OPP00274-L1,OPP00274,P05,EUR,52483.2
OPP00275-L1,OPP00275,P05,USD,93500.0
OPP00276-L1,OPP00276,P04,EUR,16354.8
OPP00277-L1,OPP00277,P08,USD,46300.0
OPP00278-L1,OPP00278,P03,GBP,37857.6
OPP00279-L1,OPP00279,P03,USD,9500.0
OPP00279-L2,OPP00279,P02,USD,13300.0
OPP00280-L1,OPP00280,P01,EUR,19219.2
OPP00281-L1,OPP00281,P02,USD,33100.0
OPP00282-L1,OPP00282,P06,EUR,36313.2
OPP00283-L1,OPP00283,P07,EUR,14691.6
OPP00283-L2,OPP00283,P08,EUR,85839.6
OPP00284-L1,OPP00284,P06,AUD,166397.4
OPP00284-L2,OPP00284,P08,AUD,43044.3
OPP00285-L1,OPP00285,P04,CAD,12666.6
OPP00286-L1,OPP00286,P03,EUR,41210.4
OPP00287-L1,OPP00287,P04,EUR,2217.6
OPP00288-L1,OPP00288,P03,USD,27800.0
OPP00288-L2,OPP00288,P02,USD,44100.0
OPP00289-L1,OPP00289,P03,EUR,10718.4
OPP00289-L2,OPP00289,P01,EUR,18942.0
OPP00290-L1,OPP00290,P08,USD,52000.0
OPP00291-L1,OPP00291,P03,USD,13400.0
OPP00291-L2,OPP00291,P01,USD,31600.0
OPP00292-L1,OPP00292,P08,CAD,45763.2
OPP00293-L1,OPP00293,P05,EUR,52390.8
OPP00294-L1,OPP00294,P02,EUR,31508.4
OPP00295-L1,OPP00295,P03,GBP,27482.4
OPP00296-L1,OPP00296,P01,EUR,26056.8
OPP00297-L1,OPP00297,P06,GBP,242431.2
OPP00298-L1,OPP00298,P01,USD,70300.0
OPP00298-L2,OPP00298,P03,USD,22400.0
OPP00299-L1,OPP00299,P02,USD,20700.0
OPP00299-L2,OPP00299,P02,USD,9600.0
OPP00300-L1,OPP00300,P07,USD,13000.0
OPP00301-L1,OPP00301,P02,EUR,12196.8
OPP00301-L2,OPP00301,P03,EUR,11365.2
OPP00302-L1,OPP00302,P08,GBP,39520.8
OPP00302-L2,OPP00302,P06,GBP,42847.2
OPP00303-L1,OPP00303,P07,EUR,23562.0
OPP00304-L1,OPP00304,P02,USD,49100.0
OPP00305-L1,OPP00305,P03,USD,25600.0
OPP00306-L1,OPP00306,P07,GBP,28036.8
OPP00306-L2,OPP00306,P07,GBP,22651.2
OPP00306-L3,OPP00306,P06,GBP,66211.2
OPP00307-L1,OPP00307,P06,USD,167000.0
OPP00307-L2,OPP00307,P08,USD,34900.0
OPP00308-L1,OPP00308,P03,USD,36600.0
OPP00309-L1,OPP00309,P06,USD,40800.0
OPP00310-L1,OPP00310,P06,USD,83800.0
OPP00311-L1,OPP00311,P07,EUR,19681.2
OPP00311-L2,OPP00311,P07,EUR,19588.8
OPP00312-L1,OPP00312,P08,USD,22400.0
OPP00313-L1,OPP00313,P01,USD,22200.0
OPP00314-L1,OPP00314,P08,USD,70300.0
OPP00314-L2,OPP00314,P05,USD,111400.0
OPP00315-L1,OPP00315,P04,EUR,2772.0
OPP00316-L1,OPP00316,P01,USD,21900.0
OPP00317-L1,OPP00317,P01,GBP,13226.4
OPP00318-L1,OPP00318,P04,USD,19600.0
OPP00318-L2,OPP00318,P01,USD,36600.0
OPP00319-L1,OPP00319,P08,EUR,23746.8
OPP00320-L1,OPP00320,P02,EUR,28828.8
OPP00321-L1,OPP00321,P01,USD,30400.0
OPP00321-L2,OPP00321,P07,USD,34400.0
OPP00322-L1,OPP00322,P01,EUR,20050.8
OPP00322-L2,OPP00322,P03,EUR,21714.0
OPP00323-L1,OPP00323,P05,USD,121400.0
OPP00324-L1,OPP00324,P06,USD,62200.0
OPP00324-L2,OPP00324,P02,USD,23800.0
OPP00325-L1,OPP00325,P06,USD,143000.0
OPP00325-L2,OPP00325,P02,USD,48600.0
OPP00326-L1,OPP00326,P03,USD,3100.0
OPP00327-L1,OPP00327,P04,EUR,12936.0
OPP00327-L2,OPP00327,P02,EUR,31785.6
OPP00328-L1,OPP00328,P01,GBP,60033.6
OPP00329-L1,OPP00329,P05,EUR,112266.0
OPP00329-L2,OPP00329,P08,EUR,29937.6
OPP00330-L1,OPP00330,P03,AUD,18404.1
OPP00330-L2,OPP00330,P06,AUD,136890.0
OPP00331-L1,OPP00331,P02,AUD,23271.3
OPP00332-L1,OPP00332,P05,EUR,167890.8
OPP00332-L2,OPP00332,P01,EUR,13213.2
OPP00333-L1,OPP00333,P05,EUR,80203.2
OPP00333-L2,OPP00333,P03,EUR,19866.0
OPP00334-L1,OPP00334,P01,GBP,17978.4
OPP00334-L2,OPP00334,P03,GBP,8157.6
OPP00335-L1,OPP00335,P06,GBP,54410.4
OPP00336-L1,OPP00336,P04,CAD,14301.0
OPP00336-L2,OPP00336,P07,CAD,99426.0
OPP00337-L1,OPP00337,P03,USD,27500.0
OPP00338-L1,OPP00338,P07,EUR,15708.0
OPP00338-L2,OPP00338,P01,EUR,83991.6
OPP00339-L1,OPP00339,P01,USD,27100.0
OPP00340-L1,OPP00340,P08,EUR,42042.0
OPP00341-L1,OPP00341,P03,AUD,22054.5
OPP00341-L2,OPP00341,P05,AUD,114075.0
OPP00342-L1,OPP00342,P07,USD,111200.0
OPP00343-L1,OPP00343,P02,USD,60100.0
OPP00344-L1,OPP00344,P03,USD,33500.0
OPP00345-L1,OPP00345,P03,USD,43000.0
OPP00346-L1,OPP00346,P06,USD,113600.0
OPP00347-L1,OPP00347,P06,EUR,34372.8
OPP00347-L2,OPP00347,P02,EUR,11827.2
OPP00348-L1,OPP00348,P03,USD,31700.0
OPP00348-L2,OPP00348,P02,USD,28300.0
OPP00349-L1,OPP00349,P06,AUD,34374.6
OPP00349-L2,OPP00349,P05,AUD,68140.8
OPP00350-L1,OPP00350,P06,EUR,61261.2
OPP00350-L2,OPP00350,P05,EUR,49988.4
OPP00351-L1,OPP00351,P07,USD,13000.0
OPP00352-L1,OPP00352,P06,GBP,135273.6
OPP00352-L2,OPP00352,P06,GBP,55994.4
OPP00352-L3,OPP00352,P06,GBP,61221.6
OPP00353-L1,OPP00353,P03,EUR,70039.2
OPP00354-L1,OPP00354,P05,USD,126500.0
OPP00354-L2,OPP00354,P06,USD,99200.0
OPP00355-L1,OPP00355,P06,USD,55300.0
OPP00356-L1,OPP00356,P07,USD,71600.0
OPP00356-L2,OPP00356,P05,USD,87900.0
OPP00357-L1,OPP00357,P02,EUR,25410.0
OPP00358-L1,OPP00358,P05,USD,92800.0
OPP00359-L1,OPP00359,P04,EUR,7946.4
OPP00359-L2,OPP00359,P06,EUR,51928.8
OPP00360-L1,OPP00360,P03,EUR,9332.4
OPP00361-L1,OPP00361,P03,USD,14600.0
OPP00362-L1,OPP00362,P06,AUD,98408.7
OPP00363-L1,OPP00363,P05,EUR,26518.8
OPP00364-L1,OPP00364,P08,USD,32600.0
OPP00365-L1,OPP00365,P08,EUR,33448.8
OPP00366-L1,OPP00366,P04,USD,7500.0
OPP00367-L1,OPP00367,P02,USD,36100.0
OPP00368-L1,OPP00368,P03,EUR,18295.2
OPP00369-L1,OPP00369,P06,EUR,93416.4
OPP00370-L1,OPP00370,P03,EUR,20605.2
OPP00371-L1,OPP00371,P04,USD,35200.0
OPP00372-L1,OPP00372,P02,AUD,68901.3
OPP00373-L1,OPP00373,P08,AUD,75289.5
OPP00374-L1,OPP00374,P07,USD,22800.0
OPP00375-L1,OPP00375,P07,USD,15200.0
OPP00376-L1,OPP00376,P07,USD,70100.0
OPP00376-L2,OPP00376,P07,USD,31500.0
OPP00377-L1,OPP00377,P02,EUR,5544.0
OPP00378-L1,OPP00378,P05,USD,75600.0
OPP00379-L1,OPP00379,P08,USD,159100.0
OPP00380-L1,OPP00380,P02,EUR,35296.8
OPP00381-L1,OPP00381,P04,EUR,28459.2
OPP00382-L1,OPP00382,P03,CAD,111003.0
OPP00383-L1,OPP00383,P01,EUR,20882.4
OPP00384-L1,OPP00384,P08,EUR,21159.6
OPP00385-L1,OPP00385,P03,EUR,28366.8
OPP00385-L2,OPP00385,P01,EUR,73458.0
OPP00386-L1,OPP00386,P01,AUD,43044.3
OPP00387-L1,OPP00387,P01,USD,26400.0
OPP00387-L2,OPP00387,P03,USD,18300.0
OPP00388-L1,OPP00388,P03,USD,23900.0
OPP00388-L2,OPP00388,P01,USD,37600.0
OPP00389-L1,OPP00389,P05,USD,89700.0
OPP00389-L2,OPP00389,P08,USD,18100.0
OPP00390-L1,OPP00390,P08,USD,54300.0
OPP00391-L1,OPP00391,P07,USD,26400.0
OPP00391-L2,OPP00391,P06,USD,54100.0
OPP00392-L1,OPP00392,P03,USD,49600.0
OPP00392-L2,OPP00392,P01,USD,68900.0
OPP00393-L1,OPP00393,P02,EUR,55994.4
OPP00393-L2,OPP00393,P03,EUR,16724.4
OPP00394-L1,OPP00394,P03,USD,10800.0
OPP00394-L2,OPP00394,P02,USD,35200.0
OPP00395-L1,OPP00395,P03,USD,25100.0
OPP00395-L2,OPP00395,P07,USD,59600.0
OPP00396-L1,OPP00396,P05,GBP,38649.6
OPP00397-L1,OPP00397,P05,EUR,35112.0
OPP00398-L1,OPP00398,P07,EUR,21436.8
OPP00399-L1,OPP00399,P02,AUD,36199.8
OPP00399-L2,OPP00399,P06,AUD,553339.8
OPP00400-L1,OPP00400,P05,USD,47000.0
OPP00401-L1,OPP00401,P03,EUR,26426.4
OPP00402-L1,OPP00402,P03,EUR,9517.2
OPP00403-L1,OPP00403,P04,USD,60200.0
OPP00403-L2,OPP00403,P03,USD,29700.0
OPP00404-L1,OPP00404,P02,EUR,28089.6
OPP00405-L1,OPP00405,P04,AUD,24183.9
OPP00406-L1,OPP00406,P07,USD,47000.0
OPP00407-L1,OPP00407,P01,USD,58900.0
OPP00408-L1,OPP00408,P04,EUR,26241.6
OPP00408-L2,OPP00408,P02,EUR,19311.6
OPP00409-L1,OPP00409,P05,USD,67000.0
OPP00410-L1,OPP00410,P01,EUR,14044.8
OPP00410-L2,OPP00410,P08,EUR,29845.2
OPP00410-L3,OPP00410,P02,EUR,22176.0
OPP00411-L1,OPP00411,P01,USD,65500.0
OPP00412-L1,OPP00412,P05,EUR,31508.4
OPP00413-L1,OPP00413,P03,EUR,18387.6
OPP00414-L1,OPP00414,P07,USD,43500.0
OPP00414-L2,OPP00414,P08,USD,29700.0
OPP00415-L1,OPP00415,P07,CAD,20293.8
OPP00416-L1,OPP00416,P03,EUR,22176.0
OPP00416-L2,OPP00416,P04,EUR,13213.2
OPP00417-L1,OPP00417,P02,GBP,14176.8
OPP00418-L1,OPP00418,P04,CAD,6537.6
OPP00418-L2,OPP00418,P07,CAD,27376.2
OPP00419-L1,OPP00419,P03,EUR,21159.6
OPP00419-L2,OPP00419,P03,EUR,23377.2
OPP00420-L1,OPP00420,P01,EUR,38715.6
OPP00421-L1,OPP00421,P06,USD,29700.0
OPP00421-L2,OPP00421,P05,USD,48300.0
OPP00422-L1,OPP00422,P02,USD,36400.0
OPP00422-L2,OPP00422,P02,USD,54000.0
OPP00423-L1,OPP00423,P02,EUR,10164.0
OPP00423-L2,OPP00423,P08,EUR,17556.0
OPP00424-L1,OPP00424,P04,EUR,16909.2
OPP00424-L2,OPP00424,P02,EUR,13860.0
OPP00425-L1,OPP00425,P08,EUR,8778.0
OPP00425-L2,OPP00425,P01,EUR,26980.8
OPP00426-L1,OPP00426,P01,EUR,53037.6
OPP00427-L1,OPP00427,P01,GBP,39045.6
OPP00428-L1,OPP00428,P04,EUR,17094.0
OPP00429-L1,OPP00429,P04,EUR,24024.0
OPP00429-L2,OPP00429,P02,EUR,18757.2
OPP00430-L1,OPP00430,P04,USD,12500.0
OPP00430-L2,OPP00430,P06,USD,63900.0
OPP00431-L1,OPP00431,P06,CAD,134157.0
OPP00432-L1,OPP00432,P02,USD,11700.0
OPP00432-L2,OPP00432,P01,USD,64600.0
OPP00433-L1,OPP00433,P01,EUR,29290.8
OPP00434-L1,OPP00434,P07,USD,65400.0
OPP00434-L2,OPP00434,P08,USD,67400.0
OPP00435-L1,OPP00435,P08,CAD,18387.0
OPP00435-L2,OPP00435,P03,CAD,76680.6
OPP00436-L1,OPP00436,P03,EUR,62462.4
OPP00436-L2,OPP00436,P03,EUR,13305.6
OPP00437-L1,OPP00437,P04,EUR,33541.2
OPP00438-L1,OPP00438,P02,EUR,19126.8
OPP00438-L2,OPP00438,P02,EUR,33910.8
OPP00439-L1,OPP00439,P03,AUD,35743.5
OPP00439-L2,OPP00439,P06,AUD,124417.8
OPP00440-L1,OPP00440,P07,AUD,26009.1
OPP00440-L2,OPP00440,P02,AUD,22662.9
OPP00441-L1,OPP00441,P04,EUR,10256.4
OPP00441-L2,OPP00441,P04,EUR,10256.4
OPP00442-L1,OPP00442,P03,USD,20200.0
OPP00443-L1,OPP00443,P08,EUR,40101.6
OPP00443-L2,OPP00443,P01,EUR,28921.2
OPP00444-L1,OPP00444,P04,EUR,8962.8
OPP00445-L1,OPP00445,P06,USD,37400.0
OPP00446-L1,OPP00446,P04,USD,8300.0
OPP00447-L1,OPP00447,P04,EUR,18849.6
OPP00448-L1,OPP00448,P03,USD,29000.0
OPP00449-L1,OPP00449,P04,USD,17700.0
OPP00450-L1,OPP00450,P02,GBP,13780.8
OPP00450-L2,OPP00450,P03,GBP,9504.0
OPP00451-L1,OPP00451,P03,USD,21800.0
OPP00452-L1,OPP00452,P06,USD,67800.0
OPP00453-L1,OPP00453,P04,USD,16800.0
OPP00454-L1,OPP00454,P08,EUR,51282.0
OPP00455-L1,OPP00455,P06,EUR,116424.0
OPP00455-L2,OPP00455,P03,EUR,7669.2
OPP00456-L1,OPP00456,P08,EUR,53592.0
OPP00457-L1,OPP00457,P02,GBP,16552.8
OPP00458-L1,OPP00458,P05,USD,77300.0
OPP00459-L1,OPP00459,P05,EUR,24024.0
OPP00459-L2,OPP00459,P03,EUR,9332.4
OPP00459-L3,OPP00459,P06,EUR,54793.2
OPP00460-L1,OPP00460,P03,USD,42500.0
OPP00461-L1,OPP00461,P01,EUR,49077.0
OPP00461-L2,OPP00461,P08,EUR,83258.7
OPP00462-L1,OPP00462,P05,USD,64300.0
OPP00462-L2,OPP00462,P06,USD,30800.0
OPP00463-L1,OPP00463,P07,EUR,26611.2
OPP00464-L1,OPP00464,P07,EUR,58396.8
OPP00465-L1,OPP00465,P02,USD,27000.0
OPP00466-L1,OPP00466,P01,EUR,57195.6
OPP00467-L1,OPP00467,P06,USD,49000.0
OPP00468-L1,OPP00468,P06,USD,34300.0
OPP00468-L2,OPP00468,P03,USD,13700.0
OPP00469-L1,OPP00469,P08,CAD,95340.0
OPP00470-L1,OPP00470,P08,EUR,50635.2
OPP00471-L1,OPP00471,P08,EUR,19773.6
OPP00472-L1,OPP00472,P01,AUD,81221.4
OPP00472-L2,OPP00472,P02,AUD,22206.6
OPP00473-L1,OPP00473,P08,EUR,14414.4
OPP00473-L2,OPP00473,P01,EUR,21344.4
OPP00474-L1,OPP00474,P07,GBP,9424.8
OPP00475-L1,OPP00475,P06,EUR,58304.4
OPP00476-L1,OPP00476,P04,CAD,26150.4
OPP00476-L2,OPP00476,P07,CAD,66738.0
OPP00477-L1,OPP00477,P04,USD,11000.0
OPP00477-L2,OPP00477,P01,USD,22800.0
OPP00478-L1,OPP00478,P06,EUR,95356.8
OPP00479-L1,OPP00479,P01,EUR,24670.8
OPP00480-L1,OPP00480,P06,GBP,49896.0
OPP00480-L2,OPP00480,P07,GBP,12117.6
OPP00481-L1,OPP00481,P01,EUR,18018.0
OPP00482-L1,OPP00482,P03,USD,22300.0
OPP00482-L2,OPP00482,P05,USD,163800.0
OPP00483-L1,OPP00483,P03,USD,11000.0
OPP00484-L1,OPP00484,P01,USD,94300.0
OPP00485-L1,OPP00485,P07,EUR,39732.0
OPP00486-L1,OPP00486,P06,USD,84600.0
OPP00487-L1,OPP00487,P08,EUR,36313.2
OPP00487-L2,OPP00487,P06,EUR,190066.8
OPP00488-L1,OPP00488,P04,EUR,6190.8
OPP00489-L1,OPP00489,P01,EUR,44814.0
OPP00490-L1,OPP00490,P05,GBP,29700.0
OPP00491-L1,OPP00491,P03,EUR,50635.2
OPP00491-L2,OPP00491,P04,EUR,21436.8
OPP00492-L1,OPP00492,P04,EUR,18849.6
OPP00493-L1,OPP00493,P03,GBP,8553.6
OPP00493-L2,OPP00493,P04,GBP,27799.2
OPP00494-L1,OPP00494,P04,EUR,28274.4
OPP00494-L2,OPP00494,P07,EUR,86948.4
OPP00495-L1,OPP00495,P05,USD,50000.0
OPP00495-L2,OPP00495,P07,USD,70500.0
OPP00496-L1,OPP00496,P05,USD,88200.0
OPP00496-L2,OPP00496,P08,USD,55400.0
OPP00497-L1,OPP00497,P07,EUR,45553.2
OPP00498-L1,OPP00498,P08,USD,144100.0
OPP00498-L2,OPP00498,P06,USD,190700.0
OPP00499-L1,OPP00499,P04,EUR,26980.8
OPP00500-L1,OPP00500,P08,USD,79700.0
OPP00501-L1,OPP00501,P05,USD,115800.0
OPP00502-L1,OPP00502,P03,EUR,18018.0
OPP00502-L2,OPP00502,P04,EUR,14414.4
OPP00503-L1,OPP00503,P03,EUR,9517.2
OPP00504-L1,OPP00504,P03,EUR,17833.2
OPP00505-L1,OPP00505,P04,GBP,22809.6
OPP00505-L2,OPP00505,P01,GBP,29779.2
OPP00506-L1,OPP00506,P08,USD,43400.0
OPP00506-L2,OPP00506,P07,USD,51500.0
OPP00507-L1,OPP00507,P06,USD,183600.0
OPP00508-L1,OPP00508,P06,AUD,73171.8
OPP00509-L1,OPP00509,P04,USD,26300.0
OPP00509-L2,OPP00509,P02,USD,28300.0
OPP00510-L1,OPP00510,P05,USD,117000.0
OPP00511-L1,OPP00511,P07,EUR,15338.4
OPP00511-L2,OPP00511,P06,EUR,37606.8
OPP00512-L1,OPP00512,P01,USD,71600.0
OPP00513-L1,OPP00513,P01,GBP,36432.0
OPP00514-L1,OPP00514,P02,EUR,26518.8
OPP00515-L1,OPP00515,P01,USD,20200.0
OPP00516-L1,OPP00516,P02,USD,208200.0
OPP00516-L2,OPP00516,P04,USD,21100.0
OPP00517-L1,OPP00517,P01,EUR,20882.4
OPP00517-L2,OPP00517,P07,EUR,17001.6
OPP00518-L1,OPP00518,P03,EUR,24670.8
OPP00518-L2,OPP00518,P02,EUR,11272.8
OPP00519-L1,OPP00519,P03,EUR,7576.8
OPP00520-L1,OPP00520,P08,USD,60600.0
OPP00520-L2,OPP00520,P01,USD,43400.0
OPP00521-L1,OPP00521,P03,USD,38200.0
OPP00521-L2,OPP00521,P05,USD,79600.0
OPP00522-L1,OPP00522,P06,CAD,102831.0
OPP00522-L2,OPP00522,P08,CAD,54207.6
OPP00523-L1,OPP00523,P01,USD,11900.0
OPP00524-L1,OPP00524,P06,USD,220600.0
OPP00524-L2,OPP00524,P08,USD,20300.0
OPP00525-L1,OPP00525,P04,EUR,32155.2
OPP00526-L1,OPP00526,P07,USD,63200.0
OPP00527-L1,OPP00527,P03,AUD,37264.5
OPP00528-L1,OPP00528,P04,EUR,16077.6
OPP00528-L2,OPP00528,P03,EUR,4527.6
OPP00528-L3,OPP00528,P03,EUR,16170.0
OPP00529-L1,OPP00529,P02,USD,38400.0
OPP00530-L1,OPP00530,P02,EUR,11180.4
OPP00531-L1,OPP00531,P01,EUR,19958.4
OPP00532-L1,OPP00532,P06,EUR,40009.2
OPP00532-L2,OPP00532,P02,EUR,64587.6
OPP00533-L1,OPP00533,P01,CAD,70687.8
OPP00533-L2,OPP00533,P05,CAD,105827.4
OPP00534-L1,OPP00534,P04,USD,25300.0
OPP00535-L1,OPP00535,P05,GBP,44985.6
OPP00536-L1,OPP00536,P05,USD,54100.0
OPP00537-L1,OPP00537,P02,USD,27700.0
OPP00538-L1,OPP00538,P05,EUR,36592.5
OPP00539-L1,OPP00539,P02,EUR,51189.6
OPP00540-L1,OPP00540,P02,EUR,7854.0
OPP00540-L2,OPP00540,P01,EUR,13028.4
OPP00541-L1,OPP00541,P03,EUR,14229.6
OPP00542-L1,OPP00542,P01,EUR,64495.2
OPP00542-L2,OPP00542,P04,EUR,26241.6
OPP00543-L1,OPP00543,P04,GBP,7048.8
OPP00544-L1,OPP00544,P04,GBP,20354.4
OPP00545-L1,OPP00545,P01,USD,40200.0
OPP00546-L1,OPP00546,P08,EUR,21067.2
OPP00547-L1,OPP00547,P08,USD,86200.0
OPP00547-L2,OPP00547,P05,USD,151600.0
OPP00548-L1,OPP00548,P05,USD,232300.0
OPP00548-L2,OPP00548,P07,USD,40300.0
OPP00549-L1,OPP00549,P02,USD,56400.0
OPP00549-L2,OPP00549,P01,USD,70800.0
OPP00549-L3,OPP00549,P02,USD,54500.0
OPP00550-L1,OPP00550,P04,GBP,7128.0
OPP00550-L2,OPP00550,P03,GBP,21780.0
OPP00551-L1,OPP00551,P02,USD,7700.0
OPP00552-L1,OPP00552,P02,USD,23400.0
OPP00553-L1,OPP00553,P07,USD,19400.0
OPP00553-L2,OPP00553,P07,USD,56900.0
OPP00554-L1,OPP00554,P04,USD,63800.0
OPP00555-L1,OPP00555,P02,USD,32400.0
OPP00556-L1,OPP00556,P01,USD,160300.0
OPP00557-L1,OPP00557,P05,USD,71900.0
OPP00558-L1,OPP00558,P07,USD,31900.0
OPP00558-L2,OPP00558,P06,USD,281900.0
OPP00559-L1,OPP00559,P01,GBP,73656.0
OPP00560-L1,OPP00560,P02,USD,61200.0
OPP00560-L2,OPP00560,P02,USD,56600.0
OPP00561-L1,OPP00561,P03,USD,44500.0
OPP00562-L1,OPP00562,P06,EUR,49156.8
OPP00562-L2,OPP00562,P04,EUR,11088.0
OPP00563-L1,OPP00563,P03,AUD,13536.9
OPP00563-L2,OPP00563,P05,AUD,117877.5
OPP00564-L1,OPP00564,P05,USD,85700.0
OPP00564-L2,OPP00564,P01,USD,59400.0
OPP00565-L1,OPP00565,P04,EUR,10256.4
OPP00566-L1,OPP00566,P03,EUR,26334.0
OPP00567-L1,OPP00567,P03,USD,60200.0
OPP00567-L2,OPP00567,P03,USD,20800.0
OPP00568-L1,OPP00568,P02,EUR,24393.6
OPP00569-L1,OPP00569,P05,USD,90000.0
OPP00570-L1,OPP00570,P07,EUR,52298.4
OPP00571-L1,OPP00571,P01,EUR,37884.0
OPP00572-L1,OPP00572,P04,USD,18000.0
OPP00572-L2,OPP00572,P02,USD,16200.0
OPP00573-L1,OPP00573,P07,USD,37200.0
OPP00574-L1,OPP00574,P07,EUR,38831.1
OPP00574-L2,OPP00574,P05,EUR,264757.5
OPP00575-L1,OPP00575,P08,USD,118900.0
OPP00576-L1,OPP00576,P05,EUR,87649.8
OPP00576-L2,OPP00576,P03,EUR,9471.0
OPP00577-L1,OPP00577,P04,USD,13100.0
OPP00577-L2,OPP00577,P01,USD,62500.0
OPP00578-L1,OPP00578,P01,CAD,52437.0
OPP00578-L2,OPP00578,P05,CAD,55433.4
OPP00579-L1,OPP00579,P07,USD,94800.0
OPP00579-L2,OPP00579,P07,USD,45000.0
OPP00580-L1,OPP00580,P01,EUR,21529.2
OPP00581-L1,OPP00581,P03,EUR,10071.6
OPP00581-L2,OPP00581,P04,EUR,10718.4
OPP00582-L1,OPP00582,P03,EUR,32617.2
OPP00582-L2,OPP00582,P08,EUR,26426.4
OPP00583-L1,OPP00583,P08,EUR,38314.5
OPP00584-L1,OPP00584,P01,EUR,17564.4
OPP00585-L1,OPP00585,P03,EUR,11457.6
OPP00586-L1,OPP00586,P07,USD,31800.0
OPP00587-L1,OPP00587,P08,EUR,15892.8
OPP00588-L1,OPP00588,P06,EUR,63025.2
OPP00589-L1,OPP00589,P01,EUR,23469.6
OPP00590-L1,OPP00590,P05,EUR,106419.6
OPP00591-L1,OPP00591,P04,USD,27900.0
OPP00591-L2,OPP00591,P02,USD,21800.0
OPP00592-L1,OPP00592,P01,USD,64600.0
OPP00593-L1,OPP00593,P02,USD,36700.0
OPP00594-L1,OPP00594,P08,EUR,37976.4
OPP00594-L2,OPP00594,P01,EUR,33910.8
OPP00594-L3,OPP00594,P06,EUR,83991.6
OPP00595-L1,OPP00595,P02,GBP,22674.6
OPP00596-L1,OPP00596,P02,EUR,13767.6
OPP00597-L1,OPP00597,P02,EUR,20512.8
OPP00598-L1,OPP00598,P07,EUR,46754.4
OPP00599-L1,OPP00599,P07,USD,30300.0
OPP00599-L2,OPP00599,P05,USD,88000.0
OPP00600-L1,OPP00600,P03,USD,11700.0
OPP00600-L2,OPP00600,P03,USD,9900.0
OPP00601-L1,OPP00601,P01,EUR,23746.8
OPP00602-L1,OPP00602,P01,GBP,16236.0
OPP00603-L1,OPP00603,P02,USD,35800.0
OPP00604-L1,OPP00604,P07,USD,97800.0
OPP00605-L1,OPP00605,P07,USD,32000.0
OPP00606-L1,OPP00606,P01,USD,63500.0
OPP00606-L2,OPP00606,P05,USD,76900.0
OPP00607-L1,OPP00607,P02,EUR,18664.8
OPP00607-L2,OPP00607,P06,EUR,56826.0
OPP00608-L1,OPP00608,P04,GBP,36457.2
OPP00609-L1,OPP00609,P03,AUD,64121.2
OPP00609-L2,OPP00609,P02,AUD,27765.4
OPP00610-L1,OPP00610,P06,USD,50400.0
OPP00611-L1,OPP00611,P03,EUR,13952.4
OPP00612-L1,OPP00612,P07,USD,21100.0
OPP00613-L1,OPP00613,P05,GBP,130193.7
OPP00613-L2,OPP00613,P03,GBP,16968.9
OPP00614-L1,OPP00614,P01,EUR,26888.4
OPP00615-L1,OPP00615,P07,USD,39700.0
OPP00615-L2,OPP00615,P04,USD,11200.0
OPP00616-L1,OPP00616,P02,USD,27300.0
OPP00616-L2,OPP00616,P03,USD,38700.0
OPP00616-L3,OPP00616,P08,USD,65800.0
OPP00617-L1,OPP00617,P07,USD,20700.0
OPP00618-L1,OPP00618,P03,AUD,20229.3
OPP00619-L1,OPP00619,P03,USD,28700.0
OPP00620-L1,OPP00620,P08,CAD,28928.1
OPP00621-L1,OPP00621,P04,EUR,24301.2
OPP00621-L2,OPP00621,P02,EUR,10626.0
OPP00622-L1,OPP00622,P06,EUR,49156.8
OPP00623-L1,OPP00623,P08,AUD,43804.8
OPP00624-L1,OPP00624,P04,USD,14100.0
OPP00624-L2,OPP00624,P04,USD,6200.0
OPP00625-L1,OPP00625,P02,EUR,97482.0
OPP00626-L1,OPP00626,P01,USD,74900.0
OPP00627-L1,OPP00627,P01,GBP,52588.8
OPP00628-L1,OPP00628,P06,USD,159900.0
OPP00628-L2,OPP00628,P04,USD,10500.0
OPP00629-L1,OPP00629,P02,EUR,42411.6
OPP00630-L1,OPP00630,P02,EUR,18572.4
OPP00631-L1,OPP00631,P08,USD,46000.0
OPP00631-L2,OPP00631,P01,USD,56800.0
OPP00632-L1,OPP00632,P08,USD,17900.0
OPP00633-L1,OPP00633,P04,USD,60500.0
OPP00634-L1,OPP00634,P02,USD,78100.0
OPP00635-L1,OPP00635,P03,CAD,28329.6
OPP00636-L1,OPP00636,P06,CAD,234029.7
OPP00637-L1,OPP00637,P01,EUR,19544.7
OPP00637-L2,OPP00637,P04,EUR,20750.1
OPP00637-L3,OPP00637,P04,EUR,5682.6
OPP00638-L1,OPP00638,P04,EUR,11365.2
OPP00639-L1,OPP00639,P02,USD,38100.0
OPP00639-L2,OPP00639,P03,USD,18500.0
OPP00640-L1,OPP00640,P04,EUR,7114.8
OPP00641-L1,OPP00641,P02,USD,23500.0
OPP00642-L1,OPP00642,P03,USD,46000.0
OPP00643-L1,OPP00643,P02,EUR,53314.8
OPP00643-L2,OPP00643,P07,EUR,22730.4
OPP00644-L1,OPP00644,P08,USD,38100.0
OPP00644-L2,OPP00644,P07,USD,23900.0
OPP00645-L1,OPP00645,P07,USD,44200.0
OPP00645-L2,OPP00645,P08,USD,21700.0
OPP00646-L1,OPP00646,P05,USD,26500.0
OPP00647-L1,OPP00647,P03,USD,21700.0
OPP00647-L2,OPP00647,P05,USD,52700.0
OPP00648-L1,OPP00648,P08,USD,18600.0
OPP00649-L1,OPP00649,P07,CAD,41677.2
OPP00649-L2,OPP00649,P06,CAD,66601.8
OPP00650-L1,OPP00650,P05,USD,237300.0
OPP00651-L1,OPP00651,P06,EUR,41414.1
OPP00651-L2,OPP00651,P07,EUR,21955.5
OPP00652-L1,OPP00652,P08,USD,45600.0
OPP00653-L1,OPP00653,P03,USD,30400.0
OPP00654-L1,OPP00654,P01,EUR,43520.4
OPP00654-L2,OPP00654,P05,EUR,64033.2
OPP00655-L1,OPP00655,P07,USD,30600.0
OPP00656-L1,OPP00656,P08,USD,84500.0
OPP00657-L1,OPP00657,P04,USD,33600.0
OPP00658-L1,OPP00658,P06,EUR,22386.0
OPP00659-L1,OPP00659,P03,EUR,8038.8
OPP00660-L1,OPP00660,P04,USD,17900.0
OPP00661-L1,OPP00661,P05,EUR,93332.4
OPP00661-L2,OPP00661,P07,EUR,8265.6
OPP00662-L1,OPP00662,P06,USD,56800.0
OPP00663-L1,OPP00663,P07,USD,77800.0
OPP00664-L1,OPP00664,P06,USD,35100.0
OPP00665-L1,OPP00665,P04,EUR,17371.2
OPP00666-L1,OPP00666,P05,USD,100600.0
OPP00667-L1,OPP00667,P05,EUR,133196.7
OPP00668-L1,OPP00668,P01,USD,22900.0
OPP00669-L1,OPP00669,P06,USD,41100.0
OPP00670-L1,OPP00670,P01,EUR,17463.6
OPP00671-L1,OPP00671,P04,EUR,21529.2
OPP00671-L2,OPP00671,P04,EUR,26703.6
OPP00672-L1,OPP00672,P01,GBP,26009.1
OPP00672-L2,OPP00672,P08,GBP,37272.3
OPP00673-L1,OPP00673,P02,EUR,18849.6
OPP00674-L1,OPP00674,P08,USD,52400.0
OPP00674-L2,OPP00674,P02,USD,10800.0
OPP00675-L1,OPP00675,P05,EUR,43428.0
OPP00675-L2,OPP00675,P05,EUR,52298.4
OPP00676-L1,OPP00676,P08,USD,81800.0
OPP00676-L2,OPP00676,P07,USD,44600.0
OPP00677-L1,OPP00677,P06,USD,147200.0
OPP00678-L1,OPP00678,P07,USD,42200.0
OPP00678-L2,OPP00678,P07,USD,45900.0
OPP00679-L1,OPP00679,P04,EUR,17001.6
OPP00679-L2,OPP00679,P05,EUR,39454.8
OPP00680-L1,OPP00680,P02,EUR,30954.0
OPP00680-L2,OPP00680,P08,EUR,15708.0
OPP00681-L1,OPP00681,P06,USD,68500.0
OPP00682-L1,OPP00682,P06,GBP,37050.0
OPP00683-L1,OPP00683,P02,EUR,24969.0
OPP00684-L1,OPP00684,P03,EUR,9240.0
OPP00685-L1,OPP00685,P05,USD,142800.0
OPP00686-L1,OPP00686,P05,EUR,47699.4
OPP00687-L1,OPP00687,P07,EUR,29013.6
OPP00688-L1,OPP00688,P08,AUD,21936.2
OPP00689-L1,OPP00689,P03,USD,11900.0
OPP00690-L1,OPP00690,P04,EUR,4342.8
OPP00690-L2,OPP00690,P01,EUR,6098.4
OPP00691-L1,OPP00691,P02,EUR,27627.6
OPP00691-L2,OPP00691,P04,EUR,11457.6
OPP00692-L1,OPP00692,P05,EUR,83344.8
OPP00693-L1,OPP00693,P01,USD,11300.0
OPP00693-L2,OPP00693,P08,USD,34500.0
OPP00694-L1,OPP00694,P05,USD,90500.0
OPP00695-L1,OPP00695,P03,EUR,31600.8
OPP00696-L1,OPP00696,P03,USD,12000.0
OPP00696-L2,OPP00696,P03,USD,38200.0
OPP00696-L3,OPP00696,P08,USD,20200.0
OPP00697-L1,OPP00697,P04,USD,10700.0
OPP00698-L1,OPP00698,P02,EUR,12012.0
OPP00699-L1,OPP00699,P04,AUD,31907.2
OPP00699-L2,OPP00699,P08,AUD,59519.2
OPP00700-L1,OPP00700,P07,EUR,8179.5
OPP00700-L2,OPP00700,P07,EUR,13776.0
OPP00701-L1,OPP00701,P02,GBP,10225.8
OPP00702-L1,OPP00702,P08,EUR,50540.7
OPP00703-L1,OPP00703,P02,USD,6900.0
OPP00704-L1,OPP00704,P06,USD,122900.0
OPP00705-L1,OPP00705,P06,EUR,46846.8
OPP00706-L1,OPP00706,P07,USD,26800.0
OPP00706-L2,OPP00706,P08,USD,80400.0
OPP00706-L3,OPP00706,P07,USD,85400.0
OPP00707-L1,OPP00707,P07,USD,90200.0
OPP00708-L1,OPP00708,P04,GBP,5702.4
OPP00708-L2,OPP00708,P02,GBP,18057.6
OPP00709-L1,OPP00709,P01,USD,21200.0
OPP00709-L2,OPP00709,P08,USD,54800.0
OPP00710-L1,OPP00710,P04,USD,10800.0
OPP00711-L1,OPP00711,P04,USD,40200.0
OPP00712-L1,OPP00712,P02,USD,26400.0
OPP00712-L2,OPP00712,P02,USD,17300.0
OPP00713-L1,OPP00713,P05,EUR,38228.4
OPP00714-L1,OPP00714,P06,USD,199400.0
OPP00715-L1,OPP00715,P02,CAD,67146.6
OPP00716-L1,OPP00716,P02,EUR,27258.0
OPP00717-L1,OPP00717,P08,EUR,47527.2
OPP00718-L1,OPP00718,P02,EUR,37514.4
OPP00719-L1,OPP00719,P03,CAD,20974.8
OPP00720-L1,OPP00720,P08,GBP,111594.6
OPP00720-L2,OPP00720,P03,GBP,26157.3
OPP00721-L1,OPP00721,P05,USD,160100.0
OPP00722-L1,OPP00722,P08,EUR,61733.7
OPP00723-L1,OPP00723,P08,USD,51200.0
OPP00724-L1,OPP00724,P08,EUR,45977.4
OPP00725-L1,OPP00725,P07,USD,28200.0
OPP00726-L1,OPP00726,P08,EUR,51189.6
OPP00727-L1,OPP00727,P03,USD,14100.0
OPP00728-L1,OPP00728,P06,USD,190200.0
OPP00728-L2,OPP00728,P05,USD,103800.0
OPP00729-L1,OPP00729,P04,CAD,8226.0
OPP00730-L1,OPP00730,P08,EUR,37797.9
OPP00731-L1,OPP00731,P05,USD,21400.0
OPP00731-L2,OPP00731,P03,USD,23300.0
OPP00732-L1,OPP00732,P06,EUR,57600.9
OPP00733-L1,OPP00733,P04,EUR,21869.4
OPP00733-L2,OPP00733,P01,EUR,74907.0
OPP00734-L1,OPP00734,P05,EUR,77920.5
OPP00735-L1,OPP00735,P04,USD,25500.0
OPP00736-L1,OPP00736,P02,CAD,32007.0
OPP00736-L2,OPP00736,P06,CAD,78587.4
OPP00737-L1,OPP00737,P01,EUR,69999.3
OPP00737-L2,OPP00737,P02,EUR,41844.6
OPP00738-L1,OPP00738,P03,USD,44600.0
OPP00739-L1,OPP00739,P07,EUR,19114.2
OPP00740-L1,OPP00740,P08,USD,41000.0
OPP00741-L1,OPP00741,P07,USD,35900.0
OPP00742-L1,OPP00742,P06,USD,84100.0
OPP00742-L2,OPP00742,P07,USD,38700.0
OPP00743-L1,OPP00743,P01,EUR,20605.2
OPP00744-L1,OPP00744,P07,USD,34400.0
OPP00744-L2,OPP00744,P05,USD,109000.0
OPP00745-L1,OPP00745,P02,USD,60000.0
OPP00746-L1,OPP00746,P07,AUD,158155.4
OPP00747-L1,OPP00747,P02,USD,63300.0
OPP00747-L2,OPP00747,P02,USD,14800.0
OPP00748-L1,OPP00748,P07,USD,9000.0
OPP00749-L1,OPP00749,P01,GBP,31344.3
OPP00750-L1,OPP00750,P08,USD,41400.0
OPP00751-L1,OPP00751,P06,EUR,61131.0
OPP00752-L1,OPP00752,P02,USD,23800.0
OPP00753-L1,OPP00753,P02,CAD,64574.1
OPP00754-L1,OPP00754,P01,EUR,54885.6
OPP00754-L2,OPP00754,P04,EUR,31046.4
OPP00755-L1,OPP00755,P06,USD,53100.0
OPP00755-L2,OPP00755,P07,USD,65800.0
OPP00756-L1,OPP00756,P03,EUR,13603.8
OPP00757-L1,OPP00757,P08,USD,32600.0
OPP00757-L2,OPP00757,P01,USD,58000.0
OPP00758-L1,OPP00758,P05,USD,45300.0
OPP00759-L1,OPP00759,P05,USD,90300.0
OPP00760-L1,OPP00760,P05,USD,228800.0
OPP00760-L2,OPP00760,P04,USD,79600.0
OPP00760-L3,OPP00760,P07,USD,48300.0
OPP00761-L1,OPP00761,P02,EUR,6375.6
OPP00762-L1,OPP00762,P07,EUR,10762.5
OPP00763-L1,OPP00763,P05,USD,56600.0
OPP00764-L1,OPP00764,P02,USD,19200.0
OPP00765-L1,OPP00765,P03,USD,33900.0
OPP00765-L2,OPP00765,P03,USD,24700.0
OPP00766-L1,OPP00766,P04,AUD,8897.2
OPP00766-L2,OPP00766,P07,AUD,36662.6
OPP00767-L1,OPP00767,P03,EUR,15498.0
OPP00768-L1,OPP00768,P08,USD,40000.0
OPP00769-L1,OPP00769,P02,USD,47300.0
OPP00770-L1,OPP00770,P01,EUR,20491.8
OPP00771-L1,OPP00771,P03,EUR,14292.6
OPP00772-L1,OPP00772,P01,EUR,29446.2
OPP00773-L1,OPP00773,P01,EUR,21525.0
OPP00773-L2,OPP00773,P02,EUR,11881.8
OPP00774-L1,OPP00774,P04,EUR,3788.4
OPP00774-L2,OPP00774,P05,EUR,109777.5
OPP00775-L1,OPP00775,P03,EUR,7761.6
OPP00775-L2,OPP00775,P06,EUR,36682.8
OPP00776-L1,OPP00776,P06,EUR,24021.9
OPP00776-L2,OPP00776,P07,EUR,44083.2
OPP00777-L1,OPP00777,P07,USD,90100.0
OPP00778-L1,OPP00778,P03,USD,11600.0
OPP00779-L1,OPP00779,P07,USD,68400.0
OPP00780-L1,OPP00780,P03,USD,16800.0
OPP00781-L1,OPP00781,P07,USD,45500.0
OPP00782-L1,OPP00782,P04,GBP,14652.0
OPP00783-L1,OPP00783,P05,EUR,42791.7
OPP00784-L1,OPP00784,P06,EUR,89199.6
OPP00784-L2,OPP00784,P06,EUR,91179.9
OPP00785-L1,OPP00785,P03,EUR,14414.4
OPP00786-L1,OPP00786,P03,EUR,22902.6
OPP00787-L1,OPP00787,P04,EUR,7146.3
OPP00788-L1,OPP00788,P02,EUR,44772.0
OPP00789-L1,OPP00789,P03,USD,5100.0
OPP00790-L1,OPP00790,P08,USD,55200.0
OPP00790-L2,OPP00790,P03,USD,46200.0
OPP00791-L1,OPP00791,P03,USD,15300.0
OPP00791-L2,OPP00791,P04,USD,13200.0
OPP00792-L1,OPP00792,P07,USD,46200.0
OPP00792-L2,OPP00792,P03,USD,28100.0
OPP00793-L1,OPP00793,P04,USD,18700.0
OPP00793-L2,OPP00793,P03,USD,8800.0
OPP00794-L1,OPP00794,P08,EUR,37453.5
OPP00794-L2,OPP00794,P07,EUR,37711.8
OPP00795-L1,OPP00795,P07,CAD,38936.4
OPP00796-L1,OPP00796,P02,USD,37500.0
OPP00796-L2,OPP00796,P06,USD,130400.0
OPP00796-L3,OPP00796,P08,USD,83600.0
OPP00797-L1,OPP00797,P06,CAD,50589.9
OPP00798-L1,OPP00798,P05,USD,58600.0
OPP00798-L2,OPP00798,P01,USD,46000.0
OPP00799-L1,OPP00799,P01,AUD,11198.2
OPP00799-L2,OPP00799,P01,AUD,47093.8
OPP00800-L1,OPP00800,P02,EUR,27724.2
OPP00801-L1,OPP00801,P01,USD,41700.0
OPP00802-L1,OPP00802,P05,USD,55500.0
OPP00803-L1,OPP00803,P08,EUR,25399.5
OPP00804-L1,OPP00804,P01,AUD,27073.8
OPP00804-L2,OPP00804,P08,AUD,62665.2
OPP00805-L1,OPP00805,P04,EUR,8782.2
OPP00806-L1,OPP00806,P02,USD,159600.0
OPP00807-L1,OPP00807,P07,USD,58600.0
OPP00808-L1,OPP00808,P04,USD,22400.0
OPP00809-L1,OPP00809,P04,EUR,17908.8
OPP00810-L1,OPP00810,P05,EUR,81450.6
OPP00811-L1,OPP00811,P01,GBP,13486.2
OPP00811-L2,OPP00811,P02,GBP,7335.9
OPP00812-L1,OPP00812,P08,USD,78700.0
OPP00813-L1,OPP00813,P08,USD,28400.0
OPP00814-L1,OPP00814,P01,EUR,42963.9
OPP00815-L1,OPP00815,P08,USD,71100.0
OPP00816-L1,OPP00816,P08,USD,49900.0
OPP00817-L1,OPP00817,P03,EUR,11795.7
OPP00818-L1,OPP00818,P04,AUD,8130.2
OPP00818-L2,OPP00818,P03,AUD,9357.4
OPP00819-L1,OPP00819,P06,USD,45600.0
OPP00820-L1,OPP00820,P04,GBP,17191.2
OPP00820-L2,OPP00820,P06,GBP,25119.9
OPP00821-L1,OPP00821,P04,USD,14400.0
OPP00821-L2,OPP00821,P07,USD,217700.0
OPP00822-L1,OPP00822,P03,EUR,8782.2
OPP00823-L1,OPP00823,P01,EUR,42533.4
OPP00824-L1,OPP00824,P08,USD,94500.0
OPP00825-L1,OPP00825,P03,EUR,15892.8
OPP00826-L1,OPP00826,P08,EUR,27724.2
OPP00826-L2,OPP00826,P04,EUR,11020.8
OPP00827-L1,OPP00827,P01,USD,53400.0
OPP00827-L2,OPP00827,P06,USD,156700.0
OPP00828-L1,OPP00828,P03,EUR,13173.3
OPP00829-L1,OPP00829,P07,USD,15600.0
OPP00829-L2,OPP00829,P04,USD,14200.0
OPP00830-L1,OPP00830,P06,EUR,172027.8
OPP00831-L1,OPP00831,P03,EUR,44341.5
OPP00832-L1,OPP00832,P04,USD,38100.0
OPP00832-L2,OPP00832,P03,USD,58900.0
OPP00833-L1,OPP00833,P06,EUR,53726.4
OPP00833-L2,OPP00833,P03,EUR,4305.0
OPP00834-L1,OPP00834,P05,GBP,53203.8
OPP00834-L2,OPP00834,P05,GBP,162649.5
OPP00835-L1,OPP00835,P01,GBP,33345.0
OPP00836-L1,OPP00836,P07,USD,23100.0
OPP00837-L1,OPP00837,P02,EUR,20491.8
OPP00838-L1,OPP00838,P05,USD,103200.0
OPP00838-L2,OPP00838,P06,USD,73000.0
OPP00839-L1,OPP00839,P08,USD,40200.0
OPP00840-L1,OPP00840,P03,EUR,35128.8
OPP00841-L1,OPP00841,P07,EUR,36075.9
OPP00842-L1,OPP00842,P02,EUR,41069.7
OPP00843-L1,OPP00843,P03,EUR,32287.5
OPP00844-L1,OPP00844,P02,EUR,22730.4
OPP00845-L1,OPP00845,P02,USD,63500.0
OPP00846-L1,OPP00846,P08,GBP,16672.5
OPP00847-L1,OPP00847,P02,USD,55300.0
OPP00848-L1,OPP00848,P04,EUR,2927.4
OPP00849-L1,OPP00849,P04,EUR,7749.0
OPP00850-L1,OPP00850,P02,EUR,7232.4
OPP00851-L1,OPP00851,P03,EUR,9298.8
OPP00852-L1,OPP00852,P06,GBP,33345.0
OPP00853-L1,OPP00853,P01,AUD,31753.8
OPP00854-L1,OPP00854,P02,EUR,36334.2
OPP00855-L1,OPP00855,P08,EUR,24710.7
OPP00855-L2,OPP00855,P01,EUR,34095.6
OPP00856-L1,OPP00856,P05,USD,206500.0
OPP00857-L1,OPP00857,P01,USD,64700.0
OPP00858-L1,OPP00858,P07,USD,49500.0
OPP00859-L1,OPP00859,P03,AUD,62894.0
OPP00860-L1,OPP00860,P08,USD,197100.0
OPP00861-L1,OPP00861,P08,USD,22000.0
OPP00862-L1,OPP00862,P03,EUR,10934.7
OPP00863-L1,OPP00863,P07,EUR,16703.4
OPP00863-L2,OPP00863,P02,EUR,5252.1
OPP00864-L1,OPP00864,P03,USD,35900.0
OPP00864-L2,OPP00864,P06,USD,181000.0
OPP00865-L1,OPP00865,P02,USD,35000.0
OPP00865-L2,OPP00865,P01,USD,36100.0
OPP00866-L1,OPP00866,P05,USD,91400.0
OPP00867-L1,OPP00867,P01,USD,65100.0
OPP00868-L1,OPP00868,P02,EUR,24710.7
OPP00869-L1,OPP00869,P02,EUR,22988.7
OPP00869-L2,OPP00869,P06,EUR,53123.7
OPP00869-L3,OPP00869,P07,EUR,35903.7
OPP00870-L1,OPP00870,P05,AUD,119191.8
OPP00871-L1,OPP00871,P06,USD,183500.0
OPP00872-L1,OPP00872,P08,EUR,34784.4
OPP00872-L2,OPP00872,P02,EUR,47785.5
OPP00873-L1,OPP00873,P07,EUR,29360.1
OPP00873-L2,OPP00873,P01,EUR,41155.8
OPP00874-L1,OPP00874,P05,USD,78300.0
OPP00875-L1,OPP00875,P07,USD,49000.0
OPP00875-L2,OPP00875,P07,USD,48600.0
OPP00876-L1,OPP00876,P04,EUR,15067.5
OPP00876-L2,OPP00876,P01,EUR,7835.1
OPP00877-L1,OPP00877,P03,GBP,13189.8
OPP00878-L1,OPP00878,P03,EUR,36850.8
OPP00878-L2,OPP00878,P07,EUR,75509.7
OPP00879-L1,OPP00879,P08,USD,33800.0
OPP00880-L1,OPP00880,P02,USD,122900.0
OPP00881-L1,OPP00881,P03,USD,15900.0
OPP00882-L1,OPP00882,P06,GBP,27861.6
OPP00883-L1,OPP00883,P07,USD,38000.0
OPP00884-L1,OPP00884,P04,EUR,17306.1
OPP00885-L1,OPP00885,P03,EUR,26949.3
OPP00886-L1,OPP00886,P08,USD,32800.0
OPP00886-L2,OPP00886,P07,USD,206900.0
OPP00887-L1,OPP00887,P08,USD,69800.0
OPP00887-L2,OPP00887,P07,USD,42200.0
OPP00888-L1,OPP00888,P01,EUR,56998.2
OPP00888-L2,OPP00888,P07,EUR,21008.4
OPP00889-L1,OPP00889,P05,EUR,27379.8
OPP00889-L2,OPP00889,P08,EUR,14550.9
OPP00890-L1,OPP00890,P08,CAD,44968.8
OPP00891-L1,OPP00891,P03,USD,32200.0
OPP00892-L1,OPP00892,P03,GBP,11040.9
OPP00893-L1,OPP00893,P05,USD,217900.0
OPP00894-L1,OPP00894,P02,USD,21900.0
OPP00894-L2,OPP00894,P03,USD,19000.0
OPP00895-L1,OPP00895,P05,GBP,17709.9
OPP00895-L2,OPP00895,P03,GBP,14523.6
OPP00896-L1,OPP00896,P03,GBP,21859.5
OPP00897-L1,OPP00897,P01,EUR,17822.7
OPP00898-L1,OPP00898,P03,USD,20400.0
OPP00899-L1,OPP00899,P08,USD,82900.0
OPP00900-L1,OPP00900,P02,USD,27600.0
OPP00901-L1,OPP00901,P07,EUR,10934.7
OPP00902-L1,OPP00902,P01,GBP,13560.3
OPP00902-L2,OPP00902,P01,GBP,12745.2
OPP00903-L1,OPP00903,P08,GBP,14153.1
OPP00904-L1,OPP00904,P08,USD,53000.0
OPP00905-L1,OPP00905,P04,EUR,12312.3
OPP00905-L2,OPP00905,P03,EUR,13689.9
OPP00906-L1,OPP00906,P02,USD,39900.0
OPP00907-L1,OPP00907,P08,EUR,13173.3
OPP00907-L2,OPP00907,P07,EUR,12398.4
OPP00908-L1,OPP00908,P01,CAD,478479.0
OPP00909-L1,OPP00909,P01,GBP,42459.3
OPP00909-L2,OPP00909,P03,GBP,19858.8
OPP00910-L1,OPP00910,P01,EUR,78437.1
OPP00911-L1,OPP00911,P04,USD,10300.0
OPP00912-L1,OPP00912,P06,AUD,115203.4
OPP00913-L1,OPP00913,P03,USD,19400.0
OPP00914-L1,OPP00914,P02,GBP,11707.8
OPP00914-L2,OPP00914,P04,GBP,7113.6
OPP00915-L1,OPP00915,P06,EUR,31770.9
OPP00916-L1,OPP00916,P08,USD,20700.0
OPP00917-L1,OPP00917,P01,EUR,29790.6
OPP00918-L1,OPP00918,P07,GBP,5409.3
OPP00919-L1,OPP00919,P03,USD,11200.0
OPP00920-L1,OPP00920,P08,EUR,66555.3
OPP00921-L1,OPP00921,P03,EUR,17994.9
OPP00921-L2,OPP00921,P05,EUR,61992.0
OPP00922-L1,OPP00922,P06,GBP,91884.0
OPP00923-L1,OPP00923,P07,USD,9000.0
OPP00923-L2,OPP00923,P07,USD,14000.0
OPP00924-L1,OPP00924,P04,GBP,27417.0
OPP00925-L1,OPP00925,P03,EUR,9298.8
OPP00926-L1,OPP00926,P03,USD,13900.0
OPP00927-L1,OPP00927,P02,EUR,49851.9
OPP00927-L2,OPP00927,P03,EUR,5596.5
OPP00928-L1,OPP00928,P08,EUR,34698.3
OPP00929-L1,OPP00929,P04,USD,12000.0
OPP00929-L2,OPP00929,P07,USD,33500.0
OPP00930-L1,OPP00930,P01,EUR,18253.2
OPP00930-L2,OPP00930,P02,EUR,15325.8
OPP00931-L1,OPP00931,P06,USD,59300.0
OPP00932-L1,OPP00932,P01,EUR,39089.4
OPP00932-L2,OPP00932,P06,EUR,54156.9
OPP00933-L1,OPP00933,P06,USD,46000.0
OPP00934-L1,OPP00934,P02,EUR,21438.9
OPP00935-L1,OPP00935,P08,USD,24100.0
OPP00935-L2,OPP00935,P08,USD,35000.0
OPP00936-L1,OPP00936,P04,USD,13900.0
OPP00936-L2,OPP00936,P04,USD,4900.0
OPP00937-L1,OPP00937,P02,EUR,13862.1
OPP00938-L1,OPP00938,P02,EUR,20233.5
OPP00938-L2,OPP00938,P02,EUR,25571.7
OPP00939-L1,OPP00939,P02,EUR,19544.7
OPP00939-L2,OPP00939,P04,EUR,7921.2
OPP00939-L3,OPP00939,P02,EUR,16100.7
OPP00940-L1,OPP00940,P03,EUR,13345.5
OPP00940-L2,OPP00940,P01,EUR,19286.4
OPP00941-L1,OPP00941,P05,USD,63200.0
OPP00942-L1,OPP00942,P03,USD,55600.0
OPP00943-L1,OPP00943,P02,EUR,97981.8
OPP00944-L1,OPP00944,P07,USD,71300.0
OPP00945-L1,OPP00945,P05,USD,148800.0
OPP00946-L1,OPP00946,P07,USD,52000.0
OPP00947-L1,OPP00947,P03,GBP,11930.1
OPP00948-L1,OPP00948,P02,EUR,15411.9
OPP00949-L1,OPP00949,P05,USD,94700.0
OPP00950-L1,OPP00950,P01,USD,55200.0
OPP00951-L1,OPP00951,P05,EUR,101339.7
OPP00952-L1,OPP00952,P01,AUD,63047.4
OPP00952-L2,OPP00952,P04,AUD,65808.6
OPP00952-L3,OPP00952,P08,AUD,301584.4
OPP00953-L1,OPP00953,P07,USD,48900.0
OPP00954-L1,OPP00954,P01,EUR,48904.8
OPP00955-L1,OPP00955,P04,EUR,12054.0
OPP00956-L1,OPP00956,P04,USD,20000.0
OPP00956-L2,OPP00956,P01,USD,27000.0
OPP00957-L1,OPP00957,P04,AUD,12118.6
OPP00958-L1,OPP00958,P04,EUR,7146.3
OPP00958-L2,OPP00958,P03,EUR,24452.4
OPP00959-L1,OPP00959,P03,EUR,9471.0
OPP00959-L2,OPP00959,P03,EUR,11623.5
OPP00960-L1,OPP00960,P08,EUR,10418.1
OPP00960-L2,OPP00960,P05,EUR,58375.8
OPP00961-L1,OPP00961,P03,AUD,48321.0
OPP00962-L1,OPP00962,P05,USD,39600.0
OPP00963-L1,OPP00963,P05,USD,206300.0
OPP00963-L2,OPP00963,P07,USD,78100.0
OPP00964-L1,OPP00964,P04,EUR,13345.5
OPP00965-L1,OPP00965,P04,EUR,13001.1
OPP00965-L2,OPP00965,P01,EUR,50540.7
OPP00966-L1,OPP00966,P07,GBP,19710.6
OPP00967-L1,OPP00967,P01,EUR,29876.7
OPP00967-L2,OPP00967,P06,EUR,37970.1
OPP00968-L1,OPP00968,P06,USD,92600.0
OPP00968-L2,OPP00968,P06,USD,63800.0
OPP00969-L1,OPP00969,P06,USD,30800.0
OPP00970-L1,OPP00970,P08,EUR,15411.9
OPP00971-L1,OPP00971,P04,EUR,12312.3
OPP00971-L2,OPP00971,P06,EUR,35128.8
OPP00972-L1,OPP00972,P03,EUR,6027.0
OPP00973-L1,OPP00973,P04,EUR,13776.0
OPP00974-L1,OPP00974,P06,USD,75700.0
OPP00974-L2,OPP00974,P03,USD,19900.0
OPP00975-L1,OPP00975,P01,EUR,37884.0
OPP00975-L2,OPP00975,P01,EUR,26863.2
OPP00976-L1,OPP00976,P01,EUR,17478.3
OPP00976-L2,OPP00976,P01,EUR,25399.5
OPP00977-L1,OPP00977,P01,USD,132100.0
OPP00978-L1,OPP00978,P02,EUR,14723.1
OPP00978-L2,OPP00978,P04,EUR,4046.7
OPP00979-L1,OPP00979,P02,USD,20000.0
OPP00980-L1,OPP00980,P04,EUR,12140.1
OPP00980-L2,OPP00980,P02,EUR,16617.3
OPP00981-L1,OPP00981,P08,USD,46200.0
OPP00982-L1,OPP00982,P03,AUD,28532.4
OPP00983-L1,OPP00983,P06,EUR,71979.6
OPP00983-L2,OPP00983,P07,EUR,59667.3
OPP00984-L1,OPP00984,P01,USD,37600.0
OPP00984-L2,OPP00984,P07,USD,22500.0
OPP00985-L1,OPP00985,P08,USD,72000.0
OPP00986-L1,OPP00986,P06,USD,88400.0
OPP00987-L1,OPP00987,P03,USD,10800.0
OPP00988-L1,OPP00988,P06,USD,91000.0
OPP00989-L1,OPP00989,P02,EUR,33923.4
OPP00990-L1,OPP00990,P07,USD,6500.0
OPP00990-L2,OPP00990,P05,USD,93300.0
OPP00990-L3,OPP00990,P05,USD,65400.0
OPP00991-L1,OPP00991,P08,USD,105800.0
OPP00991-L2,OPP00991,P01,USD,150000.0
OPP00992-L1,OPP00992,P06,USD,72600.0
OPP00993-L1,OPP00993,P01,EUR,33234.6
OPP00993-L2,OPP00993,P03,EUR,11795.7
OPP00994-L1,OPP00994,P05,USD,135100.0
OPP00995-L1,OPP00995,P05,USD,81000.0
OPP00996-L1,OPP00996,P08,EUR,33062.4
OPP00997-L1,OPP00997,P07,USD,22900.0
OPP00997-L2,OPP00997,P07,USD,38800.0
OPP00998-L1,OPP00998,P08,USD,57000.0
OPP00999-L1,OPP00999,P02,EUR,19803.0
OPP01000-L1,OPP01000,P03,EUR,17822.7
OPP01001-L1,OPP01001,P07,USD,49400.0
OPP01002-L1,OPP01002,P04,EUR,46924.5
OPP01002-L2,OPP01002,P03,EUR,21955.5
OPP01002-L3,OPP01002,P02,EUR,6199.2
OPP01003-L1,OPP01003,P06,USD,181600.0
OPP01004-L1,OPP01004,P07,USD,43300.0
OPP01005-L1,OPP01005,P08,AUD,44025.8
OPP01006-L1,OPP01006,P05,USD,113100.0
OPP01007-L1,OPP01007,P04,GBP,10818.6
OPP01007-L2,OPP01007,P02,GBP,15412.8
OPP01007-L3,OPP01007,P04,GBP,28528.5
OPP01008-L1,OPP01008,P04,EUR,17306.1
OPP01009-L1,OPP01009,P06,EUR,58289.7
OPP01010-L1,OPP01010,P01,AUD,67649.4
OPP01010-L2,OPP01010,P05,AUD,121953.0
OPP01011-L1,OPP01011,P07,USD,21200.0
OPP01012-L1,OPP01012,P07,EUR,32115.3
OPP01012-L2,OPP01012,P08,EUR,36678.6
OPP01013-L1,OPP01013,P02,USD,13700.0
OPP01013-L2,OPP01013,P04,USD,28000.0
OPP01014-L1,OPP01014,P04,EUR,21783.3
OPP01015-L1,OPP01015,P07,EUR,61217.1
OPP01016-L1,OPP01016,P02,CAD,38250.9
OPP01016-L2,OPP01016,P03,CAD,19056.9
OPP01017-L1,OPP01017,P05,USD,104900.0
OPP01018-L1,OPP01018,P08,EUR,108399.9
OPP01018-L2,OPP01018,P08,EUR,33923.4
OPP01019-L1,OPP01019,P03,USD,22100.0
OPP01020-L1,OPP01020,P02,GBP,34530.6
OPP01021-L1,OPP01021,P07,USD,43300.0
OPP01022-L1,OPP01022,P03,GBP,34382.4
OPP01023-L1,OPP01023,P06,USD,205400.0
OPP01024-L1,OPP01024,P02,USD,17100.0
OPP01025-L1,OPP01025,P02,EUR,78953.7
OPP01026-L1,OPP01026,P05,EUR,16617.3
OPP01027-L1,OPP01027,P05,USD,83900.0
OPP01027-L2,OPP01027,P07,USD,29400.0
OPP01028-L1,OPP01028,P03,USD,51400.0
OPP01029-L1,OPP01029,P01,USD,61300.0
OPP01029-L2,OPP01029,P04,USD,10700.0
OPP01030-L1,OPP01030,P06,USD,58700.0
OPP01031-L1,OPP01031,P04,USD,17300.0
OPP01032-L1,OPP01032,P03,USD,46400.0
OPP01033-L1,OPP01033,P01,GBP,50165.7
OPP01034-L1,OPP01034,P06,EUR,31426.5
OPP01035-L1,OPP01035,P05,USD,81100.0
OPP01036-L1,OPP01036,P01,EUR,45977.4
OPP01036-L2,OPP01036,P01,EUR,47613.3
OPP01037-L1,OPP01037,P03,EUR,20061.3
OPP01037-L2,OPP01037,P02,EUR,16875.6
OPP01038-L1,OPP01038,P08,USD,57200.0
OPP01038-L2,OPP01038,P08,USD,64100.0
OPP01039-L1,OPP01039,P01,EUR,14981.4
OPP01039-L2,OPP01039,P02,EUR,10332.0
OPP01040-L1,OPP01040,P02,GBP,38235.6
OPP01040-L2,OPP01040,P01,GBP,12374.7
OPP01041-L1,OPP01041,P08,USD,83500.0
OPP01042-L1,OPP01042,P05,GBP,141012.3
OPP01042-L2,OPP01042,P06,GBP,105814.8
OPP01042-L3,OPP01042,P07,GBP,20229.3
OPP01043-L1,OPP01043,P03,USD,29600.0
OPP01044-L1,OPP01044,P02,USD,28100.0
OPP01045-L1,OPP01045,P03,EUR,11967.9
OPP01045-L2,OPP01045,P05,EUR,71290.8
OPP01046-L1,OPP01046,P01,EUR,21525.0
OPP01046-L2,OPP01046,P02,EUR,20836.2
OPP01047-L1,OPP01047,P04,USD,11400.0
OPP01048-L1,OPP01048,P08,USD,103200.0
OPP01049-L1,OPP01049,P02,USD,14500.0
OPP01050-L1,OPP01050,P01,USD,29800.0
OPP01051-L1,OPP01051,P06,GBP,26009.1
OPP01052-L1,OPP01052,P03,EUR,48732.6
OPP01052-L2,OPP01052,P01,EUR,46838.4
OPP01053-L1,OPP01053,P08,CAD,100494.3
OPP01054-L1,OPP01054,P06,USD,74100.0
OPP01054-L2,OPP01054,P05,USD,115300.0
OPP01055-L1,OPP01055,P06,USD,86300.0
OPP01056-L1,OPP01056,P01,EUR,45030.3
OPP01057-L1,OPP01057,P08,EUR,54845.7
OPP01057-L2,OPP01057,P04,EUR,11279.1
OPP01058-L1,OPP01058,P05,EUR,87822.0
OPP01058-L2,OPP01058,P04,EUR,18683.7
OPP01059-L1,OPP01059,P04,GBP,19710.6
OPP01059-L2,OPP01059,P06,GBP,53500.2
OPP01060-L1,OPP01060,P01,USD,25800.0
OPP01060-L2,OPP01060,P04,USD,33800.0
OPP01061-L1,OPP01061,P03,USD,7400.0
OPP01061-L2,OPP01061,P01,USD,20800.0
OPP01062-L1,OPP01062,P08,AUD,90352.6
OPP01062-L2,OPP01062,P03,AUD,30986.8
OPP01063-L1,OPP01063,P01,USD,15000.0
OPP01063-L2,OPP01063,P07,USD,17800.0
OPP01064-L1,OPP01064,P01,USD,70500.0
OPP01065-L1,OPP01065,P08,AUD,37429.6
OPP01066-L1,OPP01066,P01,EUR,8265.6
OPP01067-L1,OPP01067,P06,EUR,117870.9
OPP01068-L1,OPP01068,P04,EUR,14378.7
OPP01069-L1,OPP01069,P08,USD,123200.0
OPP01070-L1,OPP01070,P02,EUR,12570.6
OPP01070-L2,OPP01070,P08,EUR,36162.0
OPP01071-L1,OPP01071,P02,AUD,21015.8
OPP01072-L1,OPP01072,P04,USD,35900.0
OPP01073-L1,OPP01073,P05,EUR,107625.0
OPP01074-L1,OPP01074,P02,USD,88300.0
OPP01075-L1,OPP01075,P03,GBP,12522.9
OPP01076-L1,OPP01076,P02,EUR,30135.0
OPP01076-L2,OPP01076,P06,EUR,28154.7
OPP01077-L1,OPP01077,P04,EUR,14809.2
OPP01077-L2,OPP01077,P01,EUR,34870.5
OPP01078-L1,OPP01078,P07,USD,47700.0
OPP01079-L1,OPP01079,P05,USD,67100.0
OPP01080-L1,OPP01080,P07,EUR,49507.5
OPP01081-L1,OPP01081,P08,USD,11700.0
OPP01082-L1,OPP01082,P03,USD,24700.0
OPP01083-L1,OPP01083,P07,USD,84600.0
OPP01084-L1,OPP01084,P06,EUR,65866.5
OPP01085-L1,OPP01085,P03,EUR,12140.1
OPP01086-L1,OPP01086,P04,USD,17900.0
OPP01086-L2,OPP01086,P01,USD,36500.0
OPP01087-L1,OPP01087,P03,EUR,29532.3
OPP01088-L1,OPP01088,P01,USD,209600.0
OPP01089-L1,OPP01089,P06,EUR,26863.2
OPP01090-L1,OPP01090,P08,EUR,94537.8
OPP01091-L1,OPP01091,P06,USD,123400.0
OPP01092-L1,OPP01092,P05,EUR,142065.0
OPP01093-L1,OPP01093,P06,USD,51700.0
OPP01094-L1,OPP01094,P07,USD,45300.0
OPP01095-L1,OPP01095,P07,EUR,54587.4
OPP01096-L1,OPP01096,P08,USD,60100.0
OPP01096-L2,OPP01096,P08,USD,103500.0
OPP01097-L1,OPP01097,P05,USD,190900.0
OPP01097-L2,OPP01097,P04,USD,31400.0
OPP01098-L1,OPP01098,P03,EUR,7490.7
OPP01098-L2,OPP01098,P02,EUR,18511.5
OPP01099-L1,OPP01099,P01,USD,60400.0
OPP01100-L1,OPP01100,P08,EUR,23074.8
OPP01100-L2,OPP01100,P07,EUR,24366.3
OPP01101-L1,OPP01101,P08,EUR,7318.5
OPP01101-L2,OPP01101,P07,EUR,26949.3
OPP01102-L1,OPP01102,P05,EUR,32459.7
OPP01103-L1,OPP01103,P01,EUR,27293.7
OPP01104-L1,OPP01104,P07,USD,34800.0
OPP01104-L2,OPP01104,P08,USD,110000.0
OPP01105-L1,OPP01105,P04,USD,8800.0
OPP01106-L1,OPP01106,P01,USD,32800.0
OPP01106-L2,OPP01106,P07,USD,32500.0
OPP01107-L1,OPP01107,P05,EUR,156185.4
OPP01108-L1,OPP01108,P03,EUR,48216.0
OPP01109-L1,OPP01109,P04,EUR,24538.5
OPP01109-L2,OPP01109,P03,EUR,13689.9
OPP01110-L1,OPP01110,P02,USD,68100.0
OPP01110-L2,OPP01110,P08,USD,34800.0
OPP01111-L1,OPP01111,P06,USD,81600.0
OPP01112-L1,OPP01112,P08,USD,35600.0
OPP01112-L2,OPP01112,P05,USD,57800.0
OPP01113-L1,OPP01113,P01,GBP,21414.9
OPP01113-L2,OPP01113,P08,GBP,85437.3
OPP01114-L1,OPP01114,P03,USD,10200.0
OPP01114-L2,OPP01114,P06,USD,145700.0
OPP01114-L3,OPP01114,P07,USD,13200.0
OPP01115-L1,OPP01115,P06,USD,20800.0
OPP01115-L2,OPP01115,P06,USD,30400.0
OPP01116-L1,OPP01116,P01,EUR,9212.7
OPP01116-L2,OPP01116,P03,EUR,14464.8
OPP01117-L1,OPP01117,P04,EUR,4218.9
OPP01118-L1,OPP01118,P07,EUR,31857.0
OPP01118-L2,OPP01118,P05,EUR,143098.2
OPP01119-L1,OPP01119,P06,EUR,56739.9
OPP01120-L1,OPP01120,P07,EUR,36936.9
OPP01121-L1,OPP01121,P03,USD,75600.0
OPP01122-L1,OPP01122,P01,GBP,38680.2
OPP01123-L1,OPP01123,P03,EUR,23074.8
OPP01124-L1,OPP01124,P08,USD,13000.0
OPP01125-L1,OPP01125,P02,USD,21000.0
OPP01126-L1,OPP01126,P02,USD,51300.0
OPP01126-L2,OPP01126,P04,USD,40800.0
OPP01127-L1,OPP01127,P06,EUR,42189.0
OPP01128-L1,OPP01128,P08,USD,44700.0
OPP01129-L1,OPP01129,P06,USD,185000.0
OPP01130-L1,OPP01130,P05,CAD,40307.4
OPP01130-L2,OPP01130,P06,CAD,143955.0
OPP01130-L3,OPP01130,P08,CAD,39759.0
OPP01131-L1,OPP01131,P08,USD,171200.0
OPP01131-L2,OPP01131,P02,USD,22600.0
OPP01132-L1,OPP01132,P06,EUR,37539.6
OPP01133-L1,OPP01133,P03,USD,23000.0
OPP01133-L2,OPP01133,P01,USD,179500.0
OPP01134-L1,OPP01134,P04,EUR,16014.6
OPP01135-L1,OPP01135,P07,USD,37400.0
OPP01136-L1,OPP01136,P07,USD,24100.0
OPP01136-L2,OPP01136,P06,USD,61300.0
OPP01137-L1,OPP01137,P01,EUR,50454.6
OPP01138-L1,OPP01138,P04,EUR,8610.0
OPP01139-L1,OPP01139,P07,EUR,18597.6
OPP01139-L2,OPP01139,P08,EUR,21266.7
OPP01140-L1,OPP01140,P04,GBP,12893.4
OPP01141-L1,OPP01141,P03,USD,11200.0
OPP01142-L1,OPP01142,P06,USD,41600.0
OPP01142-L2,OPP01142,P05,USD,329400.0
OPP01143-L1,OPP01143,P05,EUR,96948.6
OPP01143-L2,OPP01143,P07,EUR,32545.8
OPP01144-L1,OPP01144,P02,EUR,18855.9
OPP01144-L2,OPP01144,P06,EUR,92471.4
OPP01145-L1,OPP01145,P02,USD,17400.0
OPP01145-L2,OPP01145,P04,USD,12200.0
OPP01146-L1,OPP01146,P05,EUR,63541.8
OPP01146-L2,OPP01146,P08,EUR,19114.2
OPP01147-L1,OPP01147,P02,EUR,24624.6
OPP01148-L1,OPP01148,P07,USD,63800.0
OPP01148-L2,OPP01148,P07,USD,71100.0
OPP01148-L3,OPP01148,P06,USD,42600.0
OPP01149-L1,OPP01149,P04,GBP,7484.1
OPP01150-L1,OPP01150,P03,EUR,13862.1
OPP01150-L2,OPP01150,P03,EUR,19975.2
OPP01151-L1,OPP01151,P08,EUR,15842.4
OPP01151-L2,OPP01151,P07,EUR,22644.3
OPP01152-L1,OPP01152,P01,USD,17000.0
OPP01153-L1,OPP01153,P03,USD,39200.0
OPP01154-L1,OPP01154,P07,USD,18100.0
OPP01154-L2,OPP01154,P03,USD,18300.0
OPP01155-L1,OPP01155,P07,EUR,29532.3
OPP01155-L2,OPP01155,P08,EUR,18855.9
OPP01156-L1,OPP01156,P05,USD,189400.0
OPP01157-L1,OPP01157,P06,USD,41900.0
OPP01158-L1,OPP01158,P02,EUR,23419.2
OPP01158-L2,OPP01158,P07,EUR,27982.5
OPP01159-L1,OPP01159,P02,USD,46200.0
OPP01159-L2,OPP01159,P07,USD,38400.0
OPP01160-L1,OPP01160,P02,USD,46000.0
OPP01160-L2,OPP01160,P06,USD,30400.0
OPP01161-L1,OPP01161,P03,USD,56200.0
OPP01161-L2,OPP01161,P03,USD,42400.0
OPP01162-L1,OPP01162,P03,USD,6600.0
OPP01162-L2,OPP01162,P02,USD,35600.0
OPP01162-L3,OPP01162,P03,USD,7900.0
OPP01163-L1,OPP01163,P01,USD,60400.0
OPP01164-L1,OPP01164,P06,EUR,25055.1
OPP01164-L2,OPP01164,P05,EUR,43911.0
OPP01165-L1,OPP01165,P07,USD,62600.0
OPP01166-L1,OPP01166,P05,USD,87100.0
OPP01167-L1,OPP01167,P08,GBP,14894.1
OPP01167-L2,OPP01167,P07,GBP,9188.4
OPP01168-L1,OPP01168,P07,USD,13000.0
OPP01168-L2,OPP01168,P07,USD,21500.0
OPP01169-L1,OPP01169,P02,EUR,21783.3
OPP01169-L2,OPP01169,P03,EUR,11881.8
OPP01170-L1,OPP01170,P05,USD,108300.0
OPP01170-L2,OPP01170,P04,USD,10000.0
OPP01171-L1,OPP01171,P07,USD,72400.0
OPP01171-L2,OPP01171,P05,USD,80100.0
OPP01172-L1,OPP01172,P04,USD,29900.0
OPP01173-L1,OPP01173,P02,EUR,7404.6
OPP01173-L2,OPP01173,P03,EUR,8179.5
OPP01174-L1,OPP01174,P07,USD,49000.0
OPP01174-L2,OPP01174,P06,USD,49200.0
OPP01175-L1,OPP01175,P08,USD,22600.0
OPP01176-L1,OPP01176,P06,CAD,70606.5
OPP01177-L1,OPP01177,P07,USD,11300.0
OPP01177-L2,OPP01177,P04,USD,26800.0
OPP01178-L1,OPP01178,P02,EUR,21869.4
OPP01178-L2,OPP01178,P02,EUR,27724.2
OPP01179-L1,OPP01179,P01,EUR,39175.5
OPP01180-L1,OPP01180,P08,GBP,36531.3
OPP01180-L2,OPP01180,P08,GBP,54389.4
OPP01180-L3,OPP01180,P02,GBP,19340.1
OPP01181-L1,OPP01181,P03,EUR,28154.7
OPP01181-L2,OPP01181,P08,EUR,42705.6
OPP01182-L1,OPP01182,P03,EUR,8093.4
OPP01182-L2,OPP01182,P01,EUR,40725.3
OPP01183-L1,OPP01183,P06,USD,60400.0
OPP01184-L1,OPP01184,P01,USD,31200.0
OPP01184-L2,OPP01184,P08,USD,44600.0
OPP01185-L1,OPP01185,P08,EUR,14809.2
OPP01186-L1,OPP01186,P06,USD,29200.0
OPP01187-L1,OPP01187,P08,CAD,124212.6
OPP01188-L1,OPP01188,P03,USD,10300.0
OPP01189-L1,OPP01189,P01,EUR,31684.8
OPP01190-L1,OPP01190,P04,USD,53900.0
OPP01191-L1,OPP01191,P02,EUR,37711.8
OPP01192-L1,OPP01192,P01,USD,13500.0
OPP01192-L2,OPP01192,P02,USD,30200.0
OPP01193-L1,OPP01193,P03,EUR,11279.1
OPP01194-L1,OPP01194,P03,USD,13100.0
OPP01195-L1,OPP01195,P04,GBP,14004.9
OPP01195-L2,OPP01195,P02,GBP,29714.1
OPP01196-L1,OPP01196,P04,EUR,15842.4
OPP01196-L2,OPP01196,P01,EUR,27896.4
OPP01196-L3,OPP01196,P03,EUR,26949.3
OPP01197-L1,OPP01197,P06,USD,59400.0
OPP01198-L1,OPP01198,P08,GBP,14745.9
OPP01199-L1,OPP01199,P08,USD,69200.0
OPP01200-L1,OPP01200,P07,USD,117600.0
OPP01200-L2,OPP01200,P08,USD,70800.0
OPP01201-L1,OPP01201,P08,USD,53600.0
OPP01202-L1,OPP01202,P06,USD,34900.0
OPP01203-L1,OPP01203,P03,EUR,21352.8
OPP01204-L1,OPP01204,P07,EUR,42963.9
OPP01205-L1,OPP01205,P04,EUR,9212.7
OPP01205-L2,OPP01205,P05,EUR,26174.4
OPP01206-L1,OPP01206,P01,EUR,65522.1
OPP01207-L1,OPP01207,P07,AUD,60899.8
OPP01207-L2,OPP01207,P05,AUD,105385.8
OPP01208-L1,OPP01208,P07,USD,27300.0
OPP01208-L2,OPP01208,P06,USD,115200.0
OPP01209-L1,OPP01209,P01,USD,23600.0
OPP01209-L2,OPP01209,P02,USD,4300.0
OPP01210-L1,OPP01210,P02,EUR,17994.9
OPP01211-L1,OPP01211,P03,EUR,55276.2
OPP01211-L2,OPP01211,P01,EUR,8179.5
OPP01212-L1,OPP01212,P03,USD,7700.0
OPP01212-L2,OPP01212,P02,USD,22800.0
OPP01212-L3,OPP01212,P02,USD,21400.0
OPP01213-L1,OPP01213,P07,EUR,26346.6
OPP01213-L2,OPP01213,P02,EUR,20491.8
OPP01214-L1,OPP01214,P07,EUR,51143.4
OPP01214-L2,OPP01214,P08,EUR,23333.1
OPP01215-L1,OPP01215,P02,EUR,76198.5
OPP01216-L1,OPP01216,P06,USD,114900.0
OPP01216-L2,OPP01216,P06,USD,80400.0
OPP01217-L1,OPP01217,P03,EUR,36678.6
OPP01218-L1,OPP01218,P02,USD,47300.0
OPP01218-L2,OPP01218,P03,USD,26100.0
OPP01219-L1,OPP01219,P07,USD,89900.0
OPP01220-L1,OPP01220,P07,USD,168300.0
OPP01221-L1,OPP01221,P08,USD,100500.0
OPP01222-L1,OPP01222,P08,EUR,41241.9
OPP01222-L2,OPP01222,P06,EUR,98240.1
OPP01223-L1,OPP01223,P04,EUR,5252.1
OPP01223-L2,OPP01223,P02,EUR,32459.7
OPP01224-L1,OPP01224,P03,EUR,4218.9
OPP01225-L1,OPP01225,P07,EUR,44341.5
OPP01226-L1,OPP01226,P06,EUR,221879.7
OPP01227-L1,OPP01227,P04,EUR,12915.0
OPP01228-L1,OPP01228,P01,EUR,41930.7
OPP01228-L2,OPP01228,P03,EUR,22127.7
OPP01229-L1,OPP01229,P02,EUR,44772.0
OPP01229-L2,OPP01229,P04,EUR,15498.0
OPP01230-L1,OPP01230,P02,AUD,35282.0
OPP01230-L2,OPP01230,P04,AUD,57064.8
OPP01231-L1,OPP01231,P05,USD,74200.0
OPP01231-L2,OPP01231,P04,USD,30800.0
OPP01232-L1,OPP01232,P02,EUR,21352.8
OPP01233-L1,OPP01233,P01,USD,33900.0
OPP01233-L2,OPP01233,P04,USD,34800.0
OPP01234-L1,OPP01234,P04,USD,75600.0
OPP01234-L2,OPP01234,P01,USD,77700.0
OPP01234-L3,OPP01234,P03,USD,13700.0
OPP01235-L1,OPP01235,P06,EUR,94107.3
OPP01235-L2,OPP01235,P08,EUR,69310.5
OPP01236-L1,OPP01236,P04,USD,48700.0
OPP01237-L1,OPP01237,P04,USD,34100.0
OPP01237-L2,OPP01237,P01,USD,52800.0
OPP01238-L1,OPP01238,P06,USD,67000.0
OPP01238-L2,OPP01238,P08,USD,52100.0
OPP01239-L1,OPP01239,P01,USD,87700.0
OPP01240-L1,OPP01240,P02,EUR,10332.0
OPP01241-L1,OPP01241,P02,GBP,40162.2
OPP01241-L2,OPP01241,P08,GBP,14597.7
OPP01242-L1,OPP01242,P05,EUR,199579.8
OPP01243-L1,OPP01243,P05,GBP,78694.2
OPP01243-L2,OPP01243,P07,GBP,11485.5
OPP01244-L1,OPP01244,P07,USD,46200.0
OPP01245-L1,OPP01245,P03,USD,12100.0
OPP01246-L1,OPP01246,P02,USD,134800.0
OPP01247-L1,OPP01247,P01,USD,12600.0
OPP01248-L1,OPP01248,P06,EUR,26604.9
OPP01249-L1,OPP01249,P06,USD,51500.0
OPP01250-L1,OPP01250,P07,EUR,15153.6
OPP01251-L1,OPP01251,P03,EUR,12312.3
OPP01252-L1,OPP01252,P04,USD,15900.0
OPP01252-L2,OPP01252,P02,USD,43600.0
OPP01253-L1,OPP01253,P06,USD,38600.0
OPP01254-L1,OPP01254,P03,EUR,28671.3
OPP01255-L1,OPP01255,P04,EUR,12656.7
OPP01256-L1,OPP01256,P07,EUR,12398.4
OPP01257-L1,OPP01257,P08,GBP,20896.2
OPP01258-L1,OPP01258,P03,EUR,22041.6
OPP01259-L1,OPP01259,P05,EUR,119851.2
OPP01260-L1,OPP01260,P04,USD,10800.0
OPP01260-L2,OPP01260,P04,USD,34300.0
OPP01261-L1,OPP01261,P04,USD,80000.0
OPP01262-L1,OPP01262,P01,EUR,36592.5
OPP01262-L2,OPP01262,P08,EUR,60872.7
OPP01263-L1,OPP01263,P04,USD,19200.0
OPP01264-L1,OPP01264,P05,USD,34400.0
OPP01264-L2,OPP01264,P08,USD,28800.0
OPP01265-L1,OPP01265,P02,EUR,24108.0
OPP01266-L1,OPP01266,P01,GBP,11411.4
OPP01266-L2,OPP01266,P06,GBP,35642.1
OPP01267-L1,OPP01267,P08,EUR,157907.4
OPP01267-L2,OPP01267,P05,EUR,133455.0
OPP01268-L1,OPP01268,P03,EUR,22730.4
OPP01268-L2,OPP01268,P03,EUR,29618.4
OPP01269-L1,OPP01269,P01,EUR,50368.5
OPP01269-L2,OPP01269,P06,EUR,115287.9
OPP01270-L1,OPP01270,P08,EUR,23677.5
OPP01271-L1,OPP01271,P04,USD,14800.0
OPP01272-L1,OPP01272,P05,GBP,27268.8
OPP01273-L1,OPP01273,P07,EUR,15067.5
OPP01274-L1,OPP01274,P04,EUR,9126.6
OPP01275-L1,OPP01275,P05,CAD,259256.1
OPP01276-L1,OPP01276,P07,EUR,15756.3
OPP01277-L1,OPP01277,P04,EUR,9126.6
OPP01278-L1,OPP01278,P05,USD,98200.0
OPP01279-L1,OPP01279,P01,CAD,37702.5
OPP01280-L1,OPP01280,P02,EUR,87822.0
OPP01281-L1,OPP01281,P07,EUR,36248.1
OPP01282-L1,OPP01282,P03,CAD,24678.0
OPP01282-L2,OPP01282,P03,CAD,28928.1
OPP01283-L1,OPP01283,P06,USD,46300.0
OPP01283-L2,OPP01283,P08,USD,43500.0
OPP01284-L1,OPP01284,P06,EUR,140429.1
OPP01285-L1,OPP01285,P02,GBP,26750.1
OPP01286-L1,OPP01286,P07,EUR,92040.9
OPP01287-L1,OPP01287,P05,USD,44600.0
OPP01288-L1,OPP01288,P04,GBP,11485.5
OPP01289-L1,OPP01289,P02,USD,53500.0
OPP01290-L1,OPP01290,P02,EUR,26260.5
OPP01290-L2,OPP01290,P01,EUR,22988.7
OPP01291-L1,OPP01291,P08,EUR,12226.2
OPP01291-L2,OPP01291,P08,EUR,49679.7
OPP01292-L1,OPP01292,P04,EUR,11967.9
OPP01292-L2,OPP01292,P07,EUR,34009.5
OPP01293-L1,OPP01293,P05,USD,97100.0
OPP01293-L2,OPP01293,P08,USD,78000.0
OPP01294-L1,OPP01294,P06,USD,132600.0
OPP01295-L1,OPP01295,P08,EUR,17564.4
OPP01295-L2,OPP01295,P06,EUR,112532.7
OPP01296-L1,OPP01296,P03,USD,34700.0
OPP01297-L1,OPP01297,P06,USD,153200.0
OPP01298-L1,OPP01298,P05,EUR,58203.6
OPP01299-L1,OPP01299,P03,EUR,22041.6
OPP01299-L2,OPP01299,P02,EUR,10159.8
OPP01300-L1,OPP01300,P06,EUR,47096.7
OPP01301-L1,OPP01301,P04,EUR,19803.0
OPP01302-L1,OPP01302,P06,EUR,45633.0
OPP01302-L2,OPP01302,P04,EUR,8696.1
OPP01303-L1,OPP01303,P02,GBP,13856.7
OPP01304-L1,OPP01304,P08,EUR,20577.9
OPP01305-L1,OPP01305,P04,EUR,18253.2
OPP01306-L1,OPP01306,P01,USD,75600.0
OPP01306-L2,OPP01306,P02,USD,27100.0
OPP01307-L1,OPP01307,P04,USD,26200.0
OPP01308-L1,OPP01308,P04,GBP,6372.6
OPP01309-L1,OPP01309,P08,EUR,13087.2
OPP01310-L1,OPP01310,P02,USD,14900.0
OPP01311-L1,OPP01311,P07,EUR,12312.3
OPP01312-L1,OPP01312,P01,EUR,43824.9
OPP01313-L1,OPP01313,P06,USD,74900.0
OPP01313-L2,OPP01313,P06,USD,61300.0
OPP01313-L3,OPP01313,P01,USD,54300.0
OPP01314-L1,OPP01314,P07,GBP,41273.7
OPP01315-L1,OPP01315,P08,USD,27200.0
OPP01315-L2,OPP01315,P06,USD,111400.0
OPP01316-L1,OPP01316,P08,USD,97500.0
OPP01317-L1,OPP01317,P04,EUR,69654.9
OPP01318-L1,OPP01318,P03,USD,13300.0
OPP01319-L1,OPP01319,P04,GBP,22748.7
OPP01320-L1,OPP01320,P08,GBP,75878.4
OPP01321-L1,OPP01321,P03,EUR,3185.7
OPP01322-L1,OPP01322,P02,USD,35500.0
OPP01322-L2,OPP01322,P03,USD,24300.0
OPP01323-L1,OPP01323,P03,EUR,23849.7
OPP01324-L1,OPP01324,P08,USD,99600.0
OPP01324-L2,OPP01324,P04,USD,51800.0
OPP01325-L1,OPP01325,P07,USD,553900.0
OPP01326-L1,OPP01326,P08,EUR,36678.6
OPP01327-L1,OPP01327,P07,USD,25400.0
OPP01327-L2,OPP01327,P07,USD,17200.0
OPP01328-L1,OPP01328,P03,USD,9900.0
OPP01328-L2,OPP01328,P04,USD,16100.0
OPP01329-L1,OPP01329,P01,USD,46700.0
OPP01329-L2,OPP01329,P04,USD,16100.0
OPP01330-L1,OPP01330,P07,USD,29300.0
OPP01331-L1,OPP01331,P01,USD,162800.0
OPP01332-L1,OPP01332,P04,USD,20600.0
OPP01332-L2,OPP01332,P02,USD,22300.0
OPP01333-L1,OPP01333,P03,EUR,28671.3
OPP01333-L2,OPP01333,P02,EUR,7921.2
OPP01334-L1,OPP01334,P05,EUR,50799.0
OPP01335-L1,OPP01335,P04,USD,19600.0
OPP01336-L1,OPP01336,P01,EUR,35042.7
OPP01337-L1,OPP01337,P02,USD,75900.0
OPP01337-L2,OPP01337,P02,USD,22400.0
OPP01338-L1,OPP01338,P02,USD,39400.0
OPP01339-L1,OPP01339,P04,USD,16600.0
OPP01339-L2,OPP01339,P01,USD,39200.0
OPP01340-L1,OPP01340,P05,EUR,126997.5
OPP01341-L1,OPP01341,P08,USD,65600.0
OPP01342-L1,OPP01342,P03,EUR,11709.6
OPP01343-L1,OPP01343,P02,EUR,46752.3
OPP01344-L1,OPP01344,P05,EUR,62939.1
OPP01344-L2,OPP01344,P07,EUR,14292.6
OPP01345-L1,OPP01345,P07,USD,19700.0
OPP01346-L1,OPP01346,P02,USD,6900.0
OPP01347-L1,OPP01347,P06,USD,191100.0
OPP01347-L2,OPP01347,P02,USD,37000.0
OPP01348-L1,OPP01348,P03,EUR,22386.0
OPP01349-L1,OPP01349,P05,USD,205500.0
OPP01349-L2,OPP01349,P07,USD,42800.0
OPP01350-L1,OPP01350,P05,EUR,74390.4
OPP01351-L1,OPP01351,P02,EUR,15067.5
OPP01352-L1,OPP01352,P04,USD,16800.0
OPP01353-L1,OPP01353,P08,USD,29000.0
OPP01353-L2,OPP01353,P05,USD,92400.0
OPP01354-L1,OPP01354,P06,USD,36500.0
OPP01354-L2,OPP01354,P07,USD,23200.0
OPP01355-L1,OPP01355,P02,EUR,25141.2
OPP01356-L1,OPP01356,P04,USD,11400.0
OPP01357-L1,OPP01357,P01,USD,47900.0
OPP01357-L2,OPP01357,P07,USD,60400.0
OPP01358-L1,OPP01358,P01,GBP,14894.1
OPP01359-L1,OPP01359,P01,GBP,26527.8
OPP01360-L1,OPP01360,P08,EUR,16100.7
OPP01361-L1,OPP01361,P07,EUR,34870.5
OPP01362-L1,OPP01362,P07,GBP,11856.0
OPP01363-L1,OPP01363,P05,USD,103200.0
OPP01364-L1,OPP01364,P08,USD,85800.0
OPP01365-L1,OPP01365,P05,USD,34400.0
OPP01366-L1,OPP01366,P02,EUR,8868.3
OPP01367-L1,OPP01367,P08,USD,72900.0
OPP01367-L2,OPP01367,P03,USD,39900.0
OPP01368-L1,OPP01368,P07,EUR,81364.5
OPP01368-L2,OPP01368,P05,EUR,50626.8
OPP01369-L1,OPP01369,P02,USD,52400.0
OPP01370-L1,OPP01370,P01,EUR,20147.4
OPP01370-L2,OPP01370,P04,EUR,9815.4
OPP01371-L1,OPP01371,P06,EUR,25571.7
OPP01372-L1,OPP01372,P03,GBP,11115.0
OPP01373-L1,OPP01373,P08,CAD,77735.7
OPP01374-L1,OPP01374,P06,USD,117700.0
OPP01375-L1,OPP01375,P08,CAD,64985.4
OPP01375-L2,OPP01375,P08,CAD,92953.8
OPP01376-L1,OPP01376,P03,USD,20900.0
OPP01376-L2,OPP01376,P01,USD,58200.0
OPP01377-L1,OPP01377,P03,EUR,9729.3
OPP01378-L1,OPP01378,P02,USD,18600.0
OPP01379-L1,OPP01379,P01,EUR,85497.3
OPP01380-L1,OPP01380,P02,USD,10800.0
OPP01381-L1,OPP01381,P08,GBP,8447.4
OPP01381-L2,OPP01381,P04,GBP,6743.1
OPP01382-L1,OPP01382,P08,USD,23600.0
OPP01383-L1,OPP01383,P04,USD,27400.0
OPP01384-L1,OPP01384,P04,USD,20100.0
OPP01385-L1,OPP01385,P05,USD,55600.0
OPP01385-L2,OPP01385,P08,USD,33900.0
OPP01386-L1,OPP01386,P03,USD,35400.0
OPP01386-L2,OPP01386,P04,USD,37800.0
OPP01387-L1,OPP01387,P07,USD,14300.0
OPP01388-L1,OPP01388,P07,EUR,44599.8
OPP01389-L1,OPP01389,P01,EUR,26174.4
OPP01390-L1,OPP01390,P04,EUR,24796.8
OPP01390-L2,OPP01390,P03,EUR,20319.6
OPP01391-L1,OPP01391,P01,USD,113700.0
OPP01392-L1,OPP01392,P05,USD,174600.0
OPP01392-L2,OPP01392,P07,USD,55600.0
OPP01393-L1,OPP01393,P07,EUR,28068.6
OPP01394-L1,OPP01394,P06,USD,142200.0
OPP01395-L1,OPP01395,P04,USD,12900.0
OPP01396-L1,OPP01396,P01,EUR,47010.6
OPP01397-L1,OPP01397,P01,USD,69400.0
OPP01398-L1,OPP01398,P04,GBP,8669.7
OPP01399-L1,OPP01399,P04,USD,11100.0
OPP01400-L1,OPP01400,P01,USD,97600.0
OPP01401-L1,OPP01401,P07,USD,119000.0
OPP01402-L1,OPP01402,P04,CAD,35371.8
OPP01402-L2,OPP01402,P05,CAD,407735.4
OPP01403-L1,OPP01403,P01,GBP,98627.1
OPP01404-L1,OPP01404,P04,EUR,3616.2
OPP01405-L1,OPP01405,P07,USD,19500.0
OPP01406-L1,OPP01406,P08,USD,22700.0
OPP01407-L1,OPP01407,P03,USD,21000.0
OPP01408-L1,OPP01408,P03,EUR,1722.0
OPP01409-L1,OPP01409,P02,USD,36200.0
OPP01410-L1,OPP01410,P04,USD,25300.0
OPP01411-L1,OPP01411,P07,GBP,27639.3
OPP01412-L1,OPP01412,P05,USD,37200.0
OPP01412-L2,OPP01412,P04,USD,16400.0
OPP01413-L1,OPP01413,P02,EUR,42275.1
OPP01413-L2,OPP01413,P01,EUR,37970.1
OPP01414-L1,OPP01414,P07,USD,90900.0
OPP01415-L1,OPP01415,P05,USD,169300.0
OPP01416-L1,OPP01416,P04,EUR,17047.8
OPP01417-L1,OPP01417,P02,EUR,11451.3
OPP01418-L1,OPP01418,P01,USD,44800.0
OPP01419-L1,OPP01419,P03,USD,26600.0
OPP01420-L1,OPP01420,P03,EUR,3444.0
OPP01421-L1,OPP01421,P06,EUR,147144.9
OPP01422-L1,OPP01422,P07,GBP,14597.7
OPP01422-L2,OPP01422,P07,GBP,16450.2
OPP01423-L1,OPP01423,P06,EUR,177021.6
OPP01424-L1,OPP01424,P03,EUR,25399.5
OPP01425-L1,OPP01425,P01,EUR,96087.6
OPP01425-L2,OPP01425,P02,EUR,28757.4
OPP01426-L1,OPP01426,P04,AUD,32214.0
OPP01427-L1,OPP01427,P01,EUR,22386.0
OPP01428-L1,OPP01428,P07,EUR,51660.0
OPP01429-L1,OPP01429,P08,USD,116400.0
OPP01430-L1,OPP01430,P08,USD,59300.0
OPP01430-L2,OPP01430,P04,USD,16300.0
OPP01431-L1,OPP01431,P04,EUR,17306.1
OPP01432-L1,OPP01432,P04,EUR,11020.8
OPP01432-L2,OPP01432,P03,EUR,33579.0
OPP01433-L1,OPP01433,P03,EUR,11365.2
OPP01433-L2,OPP01433,P07,EUR,24882.9
OPP01434-L1,OPP01434,P06,USD,29000.0
OPP01435-L1,OPP01435,P05,USD,154600.0
OPP01436-L1,OPP01436,P08,USD,92100.0
OPP01437-L1,OPP01437,P04,USD,51800.0
OPP01437-L2,OPP01437,P02,USD,48500.0
OPP01438-L1,OPP01438,P02,USD,35400.0
OPP01438-L2,OPP01438,P05,USD,77100.0
OPP01439-L1,OPP01439,P08,EUR,26432.7
OPP01440-L1,OPP01440,P04,GBP,9040.2
OPP01440-L2,OPP01440,P01,GBP,20155.2
OPP01441-L1,OPP01441,P07,EUR,6888.0
OPP01441-L2,OPP01441,P05,EUR,85411.2
OPP01441-L3,OPP01441,P05,EUR,94193.4
OPP01442-L1,OPP01442,P08,USD,87700.0
OPP01443-L1,OPP01443,P04,USD,15000.0
OPP01444-L1,OPP01444,P01,EUR,41844.6
OPP01445-L1,OPP01445,P08,EUR,66985.8
OPP01446-L1,OPP01446,P01,EUR,14378.7
OPP01447-L1,OPP01447,P03,EUR,13517.7
OPP01448-L1,OPP01448,P01,EUR,20147.4
OPP01448-L2,OPP01448,P05,EUR,23505.3
OPP01449-L1,OPP01449,P04,USD,15600.0
OPP01450-L1,OPP01450,P07,EUR,14809.2
OPP01450-L2,OPP01450,P05,EUR,31598.7
OPP01451-L1,OPP01451,P02,USD,94300.0
OPP01452-L1,OPP01452,P08,EUR,69138.3
OPP01452-L2,OPP01452,P06,EUR,53037.6
OPP01453-L1,OPP01453,P08,USD,71400.0
OPP01453-L2,OPP01453,P08,USD,24800.0
OPP01454-L1,OPP01454,P03,EUR,11279.1
OPP01454-L2,OPP01454,P04,EUR,17736.6
OPP01455-L1,OPP01455,P05,USD,96000.0
OPP01456-L1,OPP01456,P07,USD,49900.0
OPP01457-L1,OPP01457,P05,USD,96500.0
OPP01458-L1,OPP01458,P05,EUR,164106.6
OPP01458-L2,OPP01458,P05,EUR,62336.4
OPP01459-L1,OPP01459,P07,GBP,18376.8
OPP01460-L1,OPP01460,P08,EUR,18167.1
OPP01460-L2,OPP01460,P03,EUR,7060.2
OPP01461-L1,OPP01461,P02,EUR,9557.1
OPP01462-L1,OPP01462,P07,USD,50600.0
OPP01463-L1,OPP01463,P03,USD,15800.0
OPP01464-L1,OPP01464,P07,USD,33900.0
OPP01465-L1,OPP01465,P04,EUR,16789.5
OPP01466-L1,OPP01466,P02,EUR,18769.8
OPP01466-L2,OPP01466,P02,EUR,12140.1
OPP01467-L1,OPP01467,P07,GBP,24601.2
OPP01468-L1,OPP01468,P01,GBP,30677.4
OPP01468-L2,OPP01468,P03,GBP,9262.5
OPP01469-L1,OPP01469,P04,EUR,9815.4
OPP01470-L1,OPP01470,P08,EUR,14981.4
OPP01471-L1,OPP01471,P02,USD,44700.0
OPP01472-L1,OPP01472,P04,USD,42100.0
OPP01473-L1,OPP01473,P04,EUR,22816.5
OPP01474-L1,OPP01474,P06,CAD,187415.7
OPP01474-L2,OPP01474,P02,CAD,33041.1
OPP01475-L1,OPP01475,P08,USD,190100.0
OPP01475-L2,OPP01475,P02,USD,38700.0
OPP01476-L1,OPP01476,P07,USD,30000.0
OPP01477-L1,OPP01477,P04,EUR,17220.0
OPP01477-L2,OPP01477,P04,EUR,11623.5
OPP01478-L1,OPP01478,P08,USD,68500.0
OPP01479-L1,OPP01479,P06,AUD,38503.4
OPP01479-L2,OPP01479,P05,AUD,52156.0
OPP01480-L1,OPP01480,P03,USD,22200.0
OPP01480-L2,OPP01480,P04,USD,24500.0
OPP01481-L1,OPP01481,P03,EUR,12828.9
OPP01481-L2,OPP01481,P04,EUR,25830.0
OPP01482-L1,OPP01482,P07,EUR,31512.6
OPP01483-L1,OPP01483,P01,EUR,84894.6
OPP01484-L1,OPP01484,P05,EUR,72496.2
OPP01485-L1,OPP01485,P08,USD,48400.0
OPP01485-L2,OPP01485,P02,USD,39000.0
OPP01486-L1,OPP01486,P05,EUR,44944.2
OPP01486-L2,OPP01486,P05,EUR,64488.9
OPP01487-L1,OPP01487,P08,USD,69300.0
OPP01488-L1,OPP01488,P08,EUR,44599.8
OPP01489-L1,OPP01489,P01,USD,61500.0
OPP01490-L1,OPP01490,P03,USD,34200.0
OPP01491-L1,OPP01491,P03,EUR,42791.7
OPP01491-L2,OPP01491,P04,EUR,19975.2
OPP01492-L1,OPP01492,P06,USD,280000.0
OPP01493-L1,OPP01493,P04,USD,6600.0
OPP01494-L1,OPP01494,P03,EUR,9901.5
OPP01494-L2,OPP01494,P08,EUR,22730.4
OPP01495-L1,OPP01495,P07,USD,50100.0
OPP01496-L1,OPP01496,P01,EUR,33062.4
OPP01497-L1,OPP01497,P03,EUR,22213.8
OPP01497-L2,OPP01497,P04,EUR,21611.1
OPP01498-L1,OPP01498,P04,USD,24000.0
OPP01499-L1,OPP01499,P07,EUR,75681.9
OPP01500-L1,OPP01500,P04,EUR,18942.0
OPP01501-L1,OPP01501,P05,AUD,61973.6
OPP01501-L2,OPP01501,P07,AUD,42645.2
OPP01501-L3,OPP01501,P08,AUD,31907.2
OPP01502-L1,OPP01502,P02,AUD,42645.2
OPP01502-L2,OPP01502,P06,AUD,81762.2
OPP01503-L1,OPP01503,P08,EUR,33492.9
OPP01503-L2,OPP01503,P02,EUR,5596.5
OPP01504-L1,OPP01504,P06,AUD,177790.6
OPP01504-L2,OPP01504,P01,AUD,68723.2
OPP01505-L1,OPP01505,P06,USD,47100.0
OPP01506-L1,OPP01506,P04,USD,17800.0
OPP01507-L1,OPP01507,P03,USD,65100.0
OPP01508-L1,OPP01508,P01,EUR,61647.6
OPP01508-L2,OPP01508,P01,EUR,21438.9
OPP01509-L1,OPP01509,P07,EUR,12915.0
OPP01510-L1,OPP01510,P08,USD,54100.0
OPP01510-L2,OPP01510,P05,USD,134300.0
OPP01511-L1,OPP01511,P02,USD,46300.0
OPP01511-L2,OPP01511,P03,USD,14600.0
OPP01512-L1,OPP01512,P03,EUR,23333.1
OPP01512-L2,OPP01512,P01,EUR,13259.4
OPP01513-L1,OPP01513,P06,USD,39800.0
OPP01514-L1,OPP01514,P08,EUR,53037.6
OPP01514-L2,OPP01514,P08,EUR,45116.4
OPP01515-L1,OPP01515,P01,USD,30100.0
OPP01516-L1,OPP01516,P06,USD,111800.0
OPP01516-L2,OPP01516,P01,USD,65400.0
OPP01517-L1,OPP01517,P01,USD,51000.0
OPP01518-L1,OPP01518,P01,CAD,27282.9
OPP01519-L1,OPP01519,P06,EUR,65608.2
OPP01520-L1,OPP01520,P02,EUR,16445.1
OPP01521-L1,OPP01521,P08,USD,36000.0
OPP01522-L1,OPP01522,P05,EUR,24280.2
OPP01523-L1,OPP01523,P08,USD,52100.0
OPP01524-L1,OPP01524,P05,USD,74900.0
OPP01525-L1,OPP01525,P04,EUR,22213.8
OPP01525-L2,OPP01525,P02,EUR,32373.6
OPP01526-L1,OPP01526,P04,USD,17000.0
OPP01527-L1,OPP01527,P08,EUR,38228.4
OPP01527-L2,OPP01527,P01,EUR,20491.8
OPP01528-L1,OPP01528,P05,AUD,38503.4
OPP01529-L1,OPP01529,P04,EUR,19200.3
OPP01530-L1,OPP01530,P01,USD,24100.0
OPP01531-L1,OPP01531,P04,GBP,8521.5
OPP01532-L1,OPP01532,P03,EUR,11623.5
OPP01533-L1,OPP01533,P04,GBP,11856.0
OPP01534-L1,OPP01534,P01,AUD,82989.4
OPP01534-L2,OPP01534,P01,AUD,18868.2
OPP01535-L1,OPP01535,P04,EUR,10848.6
OPP01535-L2,OPP01535,P01,EUR,49593.6
OPP01536-L1,OPP01536,P01,CAD,33863.7
OPP01537-L1,OPP01537,P01,EUR,43824.9
OPP01538-L1,OPP01538,P02,USD,57400.0
OPP01539-L1,OPP01539,P02,EUR,24194.1
OPP01539-L2,OPP01539,P01,EUR,71635.2
OPP01540-L1,OPP01540,P04,EUR,13431.6
OPP01541-L1,OPP01541,P04,EUR,18769.8
OPP01542-L1,OPP01542,P08,USD,53800.0
OPP01542-L2,OPP01542,P06,USD,34800.0
OPP01542-L3,OPP01542,P05,USD,23600.0
OPP01543-L1,OPP01543,P06,GBP,93291.9
OPP01544-L1,OPP01544,P02,USD,22700.0
OPP01545-L1,OPP01545,P02,USD,35000.0
OPP01546-L1,OPP01546,P04,USD,17200.0
OPP01546-L2,OPP01546,P01,USD,33800.0
OPP01547-L1,OPP01547,P01,EUR,24538.5
OPP01547-L2,OPP01547,P05,EUR,51401.7
OPP01548-L1,OPP01548,P01,EUR,73529.4
OPP01549-L1,OPP01549,P07,EUR,14378.7
OPP01550-L1,OPP01550,P01,EUR,25743.9
OPP01551-L1,OPP01551,P08,USD,61200.0
OPP01552-L1,OPP01552,P04,GBP,14894.1
OPP01553-L1,OPP01553,P07,EUR,19028.1
OPP01553-L2,OPP01553,P08,EUR,32115.3
OPP01554-L1,OPP01554,P05,EUR,121573.2
OPP01554-L2,OPP01554,P06,EUR,58806.3
OPP01555-L1,OPP01555,P01,EUR,33751.2
OPP01556-L1,OPP01556,P05,EUR,65177.7
OPP01556-L2,OPP01556,P07,EUR,23074.8
OPP01557-L1,OPP01557,P03,USD,20700.0
OPP01557-L2,OPP01557,P02,USD,47900.0
OPP01558-L1,OPP01558,P08,EUR,54070.8
OPP01559-L1,OPP01559,P07,USD,65400.0
OPP01560-L1,OPP01560,P01,USD,31400.0
OPP01560-L2,OPP01560,P04,USD,36100.0
OPP01561-L1,OPP01561,P06,USD,84500.0
OPP01562-L1,OPP01562,P08,USD,35300.0
OPP01563-L1,OPP01563,P01,EUR,29360.1
OPP01564-L1,OPP01564,P08,EUR,39864.3
OPP01564-L2,OPP01564,P05,EUR,60011.7
OPP01565-L1,OPP01565,P08,GBP,12819.3
OPP01565-L2,OPP01565,P03,GBP,46016.1
OPP01566-L1,OPP01566,P03,USD,15900.0
OPP01566-L2,OPP01566,P08,USD,40300.0
OPP01567-L1,OPP01567,P01,USD,43600.0
OPP01568-L1,OPP01568,P03,GBP,8076.9
OPP01568-L2,OPP01568,P07,GBP,17635.8
OPP01569-L1,OPP01569,P08,CAD,61283.7
OPP01570-L1,OPP01570,P05,USD,45300.0
OPP01571-L1,OPP01571,P04,USD,32100.0
OPP01572-L1,OPP01572,P07,EUR,46235.7
OPP01573-L1,OPP01573,P07,USD,35700.0
OPP01574-L1,OPP01574,P01,EUR,37625.7
OPP01574-L2,OPP01574,P04,EUR,6027.0
OPP01575-L1,OPP01575,P07,EUR,32115.3
OPP01576-L1,OPP01576,P04,CAD,27420.0
OPP01576-L2,OPP01576,P01,CAD,141075.9
OPP01576-L3,OPP01576,P04,CAD,48944.7
OPP01577-L1,OPP01577,P08,EUR,48732.6
OPP01577-L2,OPP01577,P06,EUR,82569.9
OPP01578-L1,OPP01578,P03,GBP,13338.0
OPP01579-L1,OPP01579,P04,EUR,8523.9
OPP01580-L1,OPP01580,P02,GBP,12597.0
OPP01581-L1,OPP01581,P04,USD,13300.0
OPP01582-L1,OPP01582,P03,USD,21800.0
OPP01583-L1,OPP01583,P06,USD,133700.0
OPP01584-L1,OPP01584,P03,EUR,18511.5
OPP01585-L1,OPP01585,P04,EUR,16789.5
OPP01586-L1,OPP01586,P03,AUD,58445.4
OPP01587-L1,OPP01587,P05,CAD,161778.0
OPP01587-L2,OPP01587,P05,CAD,172608.9
OPP01588-L1,OPP01588,P02,USD,41100.0
OPP01588-L2,OPP01588,P02,USD,37700.0
OPP01589-L1,OPP01589,P06,EUR,110466.3
OPP01589-L2,OPP01589,P08,EUR,37453.5
OPP01590-L1,OPP01590,P06,EUR,41586.3
OPP01590-L2,OPP01590,P02,EUR,42447.3
OPP01591-L1,OPP01591,P03,USD,19600.0
OPP01592-L1,OPP01592,P04,EUR,8610.0
OPP01592-L2,OPP01592,P01,EUR,7404.6
OPP01592-L3,OPP01592,P06,EUR,64316.7
OPP01593-L1,OPP01593,P05,USD,155900.0
OPP01594-L1,OPP01594,P04,EUR,35989.8
OPP01595-L1,OPP01595,P06,EUR,8954.4
OPP01595-L2,OPP01595,P01,EUR,22644.3
OPP01596-L1,OPP01596,P05,USD,105500.0
OPP01597-L1,OPP01597,P07,EUR,104611.5
OPP01597-L2,OPP01597,P05,EUR,81708.9
OPP01598-L1,OPP01598,P04,USD,10200.0
OPP01599-L1,OPP01599,P01,USD,94900.0
OPP01600-L1,OPP01600,P02,USD,44600.0
OPP01601-L1,OPP01601,P01,EUR,9901.5
OPP01602-L1,OPP01602,P08,EUR,11537.4
OPP01603-L1,OPP01603,P08,AUD,71944.6
OPP01604-L1,OPP01604,P06,EUR,59667.3
OPP01605-L1,OPP01605,P06,EUR,108399.9
OPP01605-L2,OPP01605,P06,EUR,54845.7
OPP01606-L1,OPP01606,P02,AUD,41418.0
OPP01606-L2,OPP01606,P04,AUD,65962.0
OPP01607-L1,OPP01607,P02,USD,60000.0
OPP01608-L1,OPP01608,P03,USD,11400.0
OPP01609-L1,OPP01609,P04,GBP,8151.0
OPP01609-L2,OPP01609,P04,GBP,21340.8
OPP01610-L1,OPP01610,P03,CAD,25363.5
OPP01611-L1,OPP01611,P07,USD,72900.0
OPP01611-L2,OPP01611,P02,USD,29000.0
OPP01612-L1,OPP01612,P01,EUR,32287.5
OPP01613-L1,OPP01613,P04,EUR,29876.7
OPP01613-L2,OPP01613,P01,EUR,69396.6
OPP01614-L1,OPP01614,P08,USD,77200.0
OPP01614-L2,OPP01614,P07,USD,52900.0
OPP01615-L1,OPP01615,P08,EUR,79039.8
OPP01616-L1,OPP01616,P04,EUR,19803.0
OPP01616-L2,OPP01616,P03,EUR,13948.2
OPP01617-L1,OPP01617,P05,EUR,94451.7
OPP01617-L2,OPP01617,P07,EUR,71032.5
OPP01618-L1,OPP01618,P04,EUR,12656.7
OPP01619-L1,OPP01619,P01,EUR,84894.6
OPP01620-L1,OPP01620,P03,USD,40600.0
OPP01620-L2,OPP01620,P04,USD,133300.0
OPP01621-L1,OPP01621,P07,USD,36100.0
OPP01622-L1,OPP01622,P02,USD,23300.0
OPP01623-L1,OPP01623,P01,USD,64300.0
OPP01624-L1,OPP01624,P02,USD,53100.0
OPP01624-L2,OPP01624,P01,USD,56700.0
OPP01625-L1,OPP01625,P04,USD,28200.0
OPP01626-L1,OPP01626,P03,EUR,20061.3
OPP01627-L1,OPP01627,P04,EUR,13517.7
OPP01627-L2,OPP01627,P06,EUR,83430.9
OPP01628-L1,OPP01628,P05,EUR,109002.6
OPP01628-L2,OPP01628,P07,EUR,12226.2
OPP01629-L1,OPP01629,P02,EUR,71118.6
OPP01630-L1,OPP01630,P02,GBP,19117.8
OPP01631-L1,OPP01631,P03,GBP,13041.6
OPP01632-L1,OPP01632,P05,GBP,69061.2
OPP01633-L1,OPP01633,P08,AUD,115356.8
OPP01634-L1,OPP01634,P06,EUR,99359.4
OPP01635-L1,OPP01635,P04,EUR,15584.1
OPP01635-L2,OPP01635,P06,EUR,104697.6
OPP01636-L1,OPP01636,P08,EUR,19286.4
OPP01637-L1,OPP01637,P02,EUR,22041.6
OPP01638-L1,OPP01638,P01,EUR,36162.0
OPP01639-L1,OPP01639,P02,EUR,10245.9
OPP01640-L1,OPP01640,P06,USD,52200.0
OPP01641-L1,OPP01641,P02,USD,29800.0
OPP01642-L1,OPP01642,P07,GBP,40088.1
OPP01643-L1,OPP01643,P07,USD,54100.0
OPP01644-L1,OPP01644,P07,EUR,39778.2
OPP01644-L2,OPP01644,P06,EUR,40208.7
OPP01645-L1,OPP01645,P03,EUR,43738.8
OPP01645-L2,OPP01645,P01,EUR,35128.8
OPP01646-L1,OPP01646,P01,GBP,98701.2
OPP01647-L1,OPP01647,P06,USD,284300.0
OPP01647-L2,OPP01647,P07,USD,34900.0
OPP01648-L1,OPP01648,P04,AUD,46326.8
OPP01649-L1,OPP01649,P07,USD,24100.0
OPP01650-L1,OPP01650,P06,USD,56900.0
OPP01650-L2,OPP01650,P08,USD,29100.0
OPP01651-L1,OPP01651,P08,USD,38700.0
OPP01652-L1,OPP01652,P03,USD,10800.0
OPP01653-L1,OPP01653,P05,USD,57500.0
OPP01654-L1,OPP01654,P03,USD,45100.0
OPP01655-L1,OPP01655,P04,USD,18300.0
OPP01656-L1,OPP01656,P05,EUR,153258.0
OPP01656-L2,OPP01656,P06,EUR,27810.3
OPP01657-L1,OPP01657,P02,GBP,12522.9
OPP01658-L1,OPP01658,P05,USD,117500.0
OPP01659-L1,OPP01659,P01,EUR,8007.3
OPP01659-L2,OPP01659,P04,EUR,7146.3
OPP01660-L1,OPP01660,P04,GBP,10596.3
OPP01661-L1,OPP01661,P02,EUR,20836.2
OPP01662-L1,OPP01662,P07,EUR,14723.1
OPP01662-L2,OPP01662,P08,EUR,50885.1
OPP01663-L1,OPP01663,P07,USD,13300.0
OPP01663-L2,OPP01663,P07,USD,36000.0
OPP01664-L1,OPP01664,P06,USD,85700.0
OPP01665-L1,OPP01665,P05,USD,86800.0
OPP01666-L1,OPP01666,P06,USD,66800.0
OPP01667-L1,OPP01667,P02,AUD,88051.6
OPP01668-L1,OPP01668,P01,USD,29400.0
OPP01669-L1,OPP01669,P01,EUR,36506.4
OPP01670-L1,OPP01670,P07,EUR,12312.3
OPP01671-L1,OPP01671,P04,USD,13100.0
OPP01671-L2,OPP01671,P01,USD,92800.0
OPP01672-L1,OPP01672,P07,EUR,44772.0
OPP01673-L1,OPP01673,P08,EUR,48388.2
OPP01674-L1,OPP01674,P03,USD,11000.0
OPP01675-L1,OPP01675,P03,USD,28000.0
OPP01676-L1,OPP01676,P04,USD,10700.0
OPP01677-L1,OPP01677,P07,EUR,13776.0
OPP01677-L2,OPP01677,P03,EUR,14120.4
OPP01677-L3,OPP01677,P05,EUR,94968.3
OPP01678-L1,OPP01678,P01,USD,83000.0
OPP01679-L1,OPP01679,P07,USD,54800.0
OPP01680-L1,OPP01680,P03,USD,35600.0
OPP01681-L1,OPP01681,P02,USD,33100.0
OPP01682-L1,OPP01682,P02,USD,10100.0
OPP01683-L1,OPP01683,P05,EUR,14206.5
OPP01684-L1,OPP01684,P08,CAD,103373.4
OPP01684-L2,OPP01684,P06,CAD,79655.1
OPP01685-L1,OPP01685,P03,GBP,15486.9
OPP01686-L1,OPP01686,P04,GBP,8966.1
OPP01686-L2,OPP01686,P02,GBP,20303.4
OPP01687-L1,OPP01687,P07,USD,20500.0
OPP01687-L2,OPP01687,P02,USD,24000.0
OPP01688-L1,OPP01688,P01,EUR,44858.1
OPP01689-L1,OPP01689,P02,EUR,26346.6
OPP01690-L1,OPP01690,P01,GBP,20525.7
OPP01691-L1,OPP01691,P04,EUR,11881.8
OPP01692-L1,OPP01692,P04,USD,35700.0
OPP01692-L2,OPP01692,P01,USD,73600.0
OPP01692-L3,OPP01692,P06,USD,86400.0
OPP01693-L1,OPP01693,P08,USD,82800.0
OPP01694-L1,OPP01694,P04,GBP,6002.1
OPP01695-L1,OPP01695,P01,EUR,46407.9
OPP01696-L1,OPP01696,P08,EUR,27379.8
OPP01696-L2,OPP01696,P05,EUR,90749.4
OPP01697-L1,OPP01697,P04,USD,13400.0
OPP01698-L1,OPP01698,P06,EUR,59495.1
OPP01698-L2,OPP01698,P07,EUR,8007.3
OPP01698-L3,OPP01698,P06,EUR,66124.8
OPP01699-L1,OPP01699,P01,GBP,21118.5
OPP01699-L2,OPP01699,P02,GBP,9929.4
OPP01700-L1,OPP01700,P03,EUR,19803.0
OPP01701-L1,OPP01701,P08,USD,38800.0
OPP01702-L1,OPP01702,P04,EUR,5252.1
OPP01702-L2,OPP01702,P01,EUR,40208.7
OPP01703-L1,OPP01703,P01,EUR,39692.1
OPP01703-L2,OPP01703,P08,EUR,37797.9
OPP01704-L1,OPP01704,P03,EUR,9471.0
OPP01705-L1,OPP01705,P03,EUR,19803.0
OPP01706-L1,OPP01706,P06,EUR,35989.8
OPP01706-L2,OPP01706,P06,EUR,24969.0
OPP01707-L1,OPP01707,P06,USD,39800.0
OPP01708-L1,OPP01708,P07,EUR,53468.1
OPP01708-L2,OPP01708,P01,EUR,87908.1
OPP01709-L1,OPP01709,P07,CAD,95421.6
OPP01710-L1,OPP01710,P06,USD,186400.0
OPP01711-L1,OPP01711,P03,USD,35300.0
OPP01711-L2,OPP01711,P04,USD,21300.0
OPP01712-L1,OPP01712,P03,EUR,13259.4
OPP01713-L1,OPP01713,P01,CAD,36468.6
OPP01714-L1,OPP01714,P04,EUR,17908.8
OPP01714-L2,OPP01714,P02,EUR,24969.0
OPP01715-L1,OPP01715,P02,EUR,24624.6
OPP01716-L1,OPP01716,P05,EUR,121142.7
OPP01717-L1,OPP01717,P06,USD,268000.0
OPP01718-L1,OPP01718,P04,USD,39500.0
OPP01719-L1,OPP01719,P01,USD,66800.0
OPP01720-L1,OPP01720,P07,USD,47600.0
OPP01721-L1,OPP01721,P04,USD,23900.0
OPP01722-L1,OPP01722,P02,EUR,22127.7
OPP01723-L1,OPP01723,P03,AUD,53690.0
OPP01724-L1,OPP01724,P03,USD,13000.0
OPP01725-L1,OPP01725,P03,EUR,16186.8
OPP01725-L2,OPP01725,P03,EUR,11709.6
OPP01725-L3,OPP01725,P03,EUR,11537.4
OPP01726-L1,OPP01726,P07,EUR,13431.6
OPP01726-L2,OPP01726,P03,EUR,10934.7
OPP01726-L3,OPP01726,P08,EUR,47355.0
OPP01727-L1,OPP01727,P04,USD,13100.0
OPP01728-L1,OPP01728,P06,USD,42400.0
OPP01728-L2,OPP01728,P07,USD,44800.0
OPP01729-L1,OPP01729,P04,USD,26000.0
OPP01729-L2,OPP01729,P08,USD,13100.0
OPP01730-L1,OPP01730,P04,EUR,16617.3
OPP01731-L1,OPP01731,P08,EUR,35387.1
OPP01731-L2,OPP01731,P07,EUR,13603.8
OPP01732-L1,OPP01732,P04,EUR,15584.1
OPP01733-L1,OPP01733,P08,EUR,60700.5
OPP01734-L1,OPP01734,P03,EUR,22902.6
OPP01735-L1,OPP01735,P07,USD,10600.0
OPP01736-L1,OPP01736,P05,GBP,79509.3
OPP01737-L1,OPP01737,P05,EUR,97809.6
OPP01738-L1,OPP01738,P03,EUR,18597.6
OPP01738-L2,OPP01738,P03,EUR,38572.8
OPP01738-L3,OPP01738,P02,EUR,27035.4
OPP01739-L1,OPP01739,P05,EUR,90060.6
OPP01740-L1,OPP01740,P02,USD,38700.0
OPP01740-L2,OPP01740,P02,USD,15000.0
OPP01741-L1,OPP01741,P06,USD,129400.0
OPP01742-L1,OPP01742,P05,USD,235000.0
OPP01743-L1,OPP01743,P06,EUR,37281.3
OPP01744-L1,OPP01744,P03,EUR,15153.6
OPP01745-L1,OPP01745,P05,CAD,63340.2
OPP01745-L2,OPP01745,P05,CAD,67179.0
OPP01746-L1,OPP01746,P05,EUR,44427.6
OPP01746-L2,OPP01746,P06,EUR,56051.1
OPP01747-L1,OPP01747,P05,USD,72900.0
OPP01747-L2,OPP01747,P05,USD,57500.0
OPP01748-L1,OPP01748,P03,USD,20200.0
OPP01749-L1,OPP01749,P03,EUR,43136.1
OPP01750-L1,OPP01750,P06,EUR,61733.7
OPP01750-L2,OPP01750,P08,EUR,16875.6
OPP01750-L3,OPP01750,P07,EUR,15498.0
OPP01751-L1,OPP01751,P05,USD,270500.0
OPP01751-L2,OPP01751,P08,USD,57800.0
OPP01752-L1,OPP01752,P02,GBP,31344.3
OPP01753-L1,OPP01753,P08,USD,34400.0
OPP01754-L1,OPP01754,P06,EUR,95226.6
OPP01755-L1,OPP01755,P06,EUR,164364.9
OPP01756-L1,OPP01756,P07,EUR,45891.3
OPP01756-L2,OPP01756,P01,EUR,40725.3
OPP01757-L1,OPP01757,P04,USD,38300.0
OPP01758-L1,OPP01758,P04,AUD,13652.6
OPP01759-L1,OPP01759,P03,USD,24400.0
OPP01760-L1,OPP01760,P01,USD,18500.0
OPP01760-L2,OPP01760,P04,USD,6600.0
OPP01761-L1,OPP01761,P02,GBP,7261.8
OPP01762-L1,OPP01762,P08,USD,224500.0
OPP01763-L1,OPP01763,P01,USD,46400.0
OPP01764-L1,OPP01764,P03,AUD,25311.0
OPP01765-L1,OPP01765,P07,EUR,27982.5
OPP01765-L2,OPP01765,P05,EUR,168411.6
OPP01766-L1,OPP01766,P08,EUR,21180.6
OPP01766-L2,OPP01766,P07,EUR,33406.8
OPP01767-L1,OPP01767,P01,EUR,21352.8
OPP01768-L1,OPP01768,P04,USD,29000.0
OPP01769-L1,OPP01769,P01,USD,28400.0
OPP01769-L2,OPP01769,P04,USD,8600.0
OPP01770-L1,OPP01770,P01,EUR,30479.4
OPP01771-L1,OPP01771,P01,EUR,44685.9
OPP01772-L1,OPP01772,P05,USD,60800.0
OPP01773-L1,OPP01773,P06,EUR,130011.0
OPP01774-L1,OPP01774,P02,USD,77900.0
OPP01774-L2,OPP01774,P03,USD,5000.0
OPP01775-L1,OPP01775,P05,EUR,81364.5
OPP01776-L1,OPP01776,P04,USD,21900.0
OPP01776-L2,OPP01776,P02,USD,12600.0
OPP01777-L1,OPP01777,P03,USD,16900.0
OPP01778-L1,OPP01778,P01,USD,132700.0
OPP01779-L1,OPP01779,P07,GBP,61873.5
OPP01780-L1,OPP01780,P05,EUR,102717.3
OPP01781-L1,OPP01781,P03,USD,14800.0
OPP01782-L1,OPP01782,P04,EUR,11451.3
OPP01782-L2,OPP01782,P02,EUR,9298.8
OPP01783-L1,OPP01783,P03,USD,20400.0
OPP01784-L1,OPP01784,P07,GBP,26379.6
OPP01785-L1,OPP01785,P08,USD,84100.0
OPP01786-L1,OPP01786,P02,USD,18600.0
OPP01787-L1,OPP01787,P05,EUR,34440.0
OPP01787-L2,OPP01787,P07,EUR,9643.2
OPP01788-L1,OPP01788,P04,EUR,12742.8
OPP01788-L2,OPP01788,P05,EUR,19975.2
OPP01789-L1,OPP01789,P08,EUR,89974.5
OPP01790-L1,OPP01790,P04,EUR,21869.4
OPP01790-L2,OPP01790,P05,EUR,118731.9
OPP01791-L1,OPP01791,P04,EUR,12915.0
OPP01791-L2,OPP01791,P02,EUR,25657.8
OPP01792-L1,OPP01792,P04,EUR,19716.9
OPP01793-L1,OPP01793,P02,USD,82400.0
OPP01794-L1,OPP01794,P02,EUR,43222.2
OPP01795-L1,OPP01795,P03,USD,12300.0
OPP01795-L2,OPP01795,P06,USD,228900.0
OPP01795-L3,OPP01795,P06,USD,115600.0
OPP01796-L1,OPP01796,P02,USD,14500.0
OPP01797-L1,OPP01797,P04,EUR,12570.6
OPP01798-L1,OPP01798,P08,AUD,38350.0
OPP01798-L2,OPP01798,P07,AUD,28072.2
OPP01799-L1,OPP01799,P08,USD,38100.0
OPP01800-L1,OPP01800,P02,USD,36000.0
OPP01800-L2,OPP01800,P03,USD,35800.0
OPP01801-L1,OPP01801,P01,USD,47500.0
OPP01802-L1,OPP01802,P01,USD,69500.0
OPP01803-L1,OPP01803,P01,USD,74900.0
OPP01804-L1,OPP01804,P01,USD,32200.0
OPP01805-L1,OPP01805,P01,USD,28700.0
OPP01806-L1,OPP01806,P01,USD,89200.0
OPP01807-L1,OPP01807,P01,USD,69100.0
OPP01808-L1,OPP01808,P01,USD,22300.0
OPP01809-L1,OPP01809,P01,USD,70400.0
OPP01810-L1,OPP01810,P01,USD,66800.0
OPP01811-L1,OPP01811,P01,USD,61200.0
OPP01812-L1,OPP01812,P01,USD,57300.0
OPP01813-L1,OPP01813,P01,USD,82400.0
OPP01814-L1,OPP01814,P01,USD,49400.0
OPP01815-L1,OPP01815,P01,USD,71400.0
OPP01816-L1,OPP01816,P01,USD,24500.0
OPP01817-L1,OPP01817,P01,USD,79300.0
OPP01818-L1,OPP01818,P01,USD,79700.0
OPP01819-L1,OPP01819,P01,USD,83600.0
OPP01820-L1,OPP01820,P01,USD,20800.0
OPP01821-L1,OPP01821,P01,USD,57800.0
OPP01822-L1,OPP01822,P01,USD,33100.0
OPP01823-L1,OPP01823,P01,USD,67300.0
OPP01824-L1,OPP01824,P01,USD,32700.0
OPP01825-L1,OPP01825,P01,USD,80100.0
OPP01826-L1,OPP01826,P01,USD,50500.0
OPP01827-L1,OPP01827,P01,USD,41800.0
OPP01828-L1,OPP01828,P01,USD,63700.0
OPP01829-L1,OPP01829,P01,USD,82600.0
OPP01830-L1,OPP01830,P01,USD,65000.0
OPP01831-L1,OPP01831,P01,USD,39900.0
OPP01832-L1,OPP01832,P01,USD,57300.0
OPP01833-L1,OPP01833,P01,USD,74500.0
OPP01834-L1,OPP01834,P01,USD,45500.0
OPP01835-L1,OPP01835,P01,USD,86200.0
OPP01836-L1,OPP01836,P01,USD,29800.0
OPP01837-L1,OPP01837,P01,USD,34100.0
OPP01838-L1,OPP01838,P01,USD,44600.0
OPP01839-L1,OPP01839,P01,USD,22700.0
OPP01840-L1,OPP01840,P01,USD,71400.0
OPP01841-L1,OPP01841,P01,USD,77400.0
OPP01842-L1,OPP01842,P01,USD,28100.0
OPP01843-L1,OPP01843,P01,USD,83900.0
OPP01844-L1,OPP01844,P01,USD,46700.0
OPP01845-L1,OPP01845,P01,USD,87400.0
OPP01846-L1,OPP01846,P01,USD,37600.0
OPP01847-L1,OPP01847,P01,USD,32100.0
OPP01848-L1,OPP01848,P01,USD,69500.0
OPP01849-L1,OPP01849,P01,USD,23500.0
OPP01850-L1,OPP01850,P01,USD,44500.0
OPP01851-L1,OPP01851,P01,USD,31400.0
OPP01852-L1,OPP01852,P01,USD,84800.0
OPP01853-L1,OPP01853,P01,USD,41800.0
OPP01854-L1,OPP01854,P01,USD,66100.0
OPP01855-L1,OPP01855,P01,USD,32500.0
OPP01856-L1,OPP01856,P01,USD,55900.0
OPP01857-L1,OPP01857,P01,USD,28500.0
OPP01858-L1,OPP01858,P01,USD,31800.0
OPP01859-L1,OPP01859,P01,USD,22400.0
OPP01860-L1,OPP01860,P01,USD,54300.0
OPP01861-L1,OPP01861,P01,USD,65500.0
OPP01862-L1,OPP01862,P01,USD,84800.0
OPP01863-L1,OPP01863,P01,USD,89500.0
OPP01864-L1,OPP01864,P01,USD,68700.0
OPP01865-L1,OPP01865,P01,USD,65300.0
OPP01866-L1,OPP01866,P01,USD,24800.0
OPP01867-L1,OPP01867,P01,USD,88800.0
OPP01868-L1,OPP01868,P01,USD,36700.0
OPP01869-L1,OPP01869,P01,USD,44400.0
OPP01870-L1,OPP01870,P01,USD,63200.0
OPP01871-L1,OPP01871,P01,USD,56800.0
OPP01872-L1,OPP01872,P01,USD,36400.0
OPP01873-L1,OPP01873,P01,USD,50600.0
OPP01874-L1,OPP01874,P01,USD,75400.0
OPP01875-L1,OPP01875,P01,USD,54100.0
OPP01876-L1,OPP01876,P01,USD,52500.0
OPP01877-L1,OPP01877,P01,USD,85800.0
OPP01878-L1,OPP01878,P01,USD,44300.0
OPP01879-L1,OPP01879,P01,USD,65100.0
OPP01880-L1,OPP01880,P01,USD,50600.0
